ID,Character ID,Name,Anime / Source,Rarity,Event,Image Filename,Image Path,Channel Title,Message ID,Scraped At
1,,𝐍𝐚𝐦𝐞: 𝗥𝘆𝗼𝗺𝗲𝗻 𝗦𝘂𝗸𝘂𝗻𝗮,𝐀𝐧𝐢𝐦𝐞: 𝗝𝘂𝗷𝘂𝘁𝘀𝘂 𝗞𝗮𝗶𝘀𝗲𝗻,𝐑𝐚𝐫𝐢𝐭𝐲: 🌌 𝗡𝗲𝗯𝘂𝗹𝗮,,,,GALAXY DATABASE,21937,2026-08-28T20:27:44.808073
2,,𝐍𝐚𝐦𝐞: 𝗬𝘂𝗷𝗶 𝗜𝘁𝗮𝗱𝗼𝗿𝗶,𝐀𝐧𝐢𝐦𝐞: 𝗝𝘂𝗷𝘂𝘁𝘀𝘂 𝗞𝗮𝗶𝘀𝗲𝗻,𝐑𝐚𝐫𝐢𝐭𝐲: 🪐 G𝗮𝗹𝗮𝘅𝘆,,,,GALAXY DATABASE,21938,2026-08-28T20:27:44.882595
3,,𝐍𝐚𝐦𝐞: 𝗬𝘂𝗷𝗶 𝗜𝘁𝗮𝗱𝗼𝗿𝗶,𝐀𝐧𝐢𝐦𝐞: 𝗝𝘂𝗷𝘂𝘁𝘀𝘂 𝗞𝗮𝗶𝘀𝗲𝗻,𝐑𝐚𝐫𝐢𝐭𝐲: ✨ 𝗔𝘀𝘁𝗿𝗮𝗹,,,,GALAXY DATABASE,21939,2026-08-28T20:27:44.946038
4,,𝐍𝐚𝐦𝐞: 𝗬𝘂𝗷𝗶 𝗜𝘁𝗮𝗱𝗼𝗿𝗶,𝐀𝐧𝐢𝐦𝐞: 𝗝𝘂𝗷𝘂𝘁𝘀𝘂 𝗞𝗮𝗶𝘀𝗲𝗻,𝐑𝐚𝐫𝐢𝐭𝐲: 🌌 𝗡𝗲𝗯𝘂𝗹𝗮,,,,GALAXY DATABASE,21940,2026-08-28T20:27:45.022464
5,,𝐍𝐚𝐦𝐞: 𝗠𝗮𝗱𝗮𝗿𝗮 𝗨𝗰𝗵𝗶𝗵𝗮,𝐀𝐧𝐢𝐦𝐞: 𝗡𝗮𝗿𝘂𝘁𝗼,𝐑𝐚𝐫𝐢𝐭𝐲: 🪐 G𝗮𝗹𝗮𝘅𝘆,,,,GALAXY DATABASE,21941,2026-08-28T20:27:45.083659
6,,𝐍𝐚𝐦𝐞: 𝗠𝗮𝗱𝗮𝗿𝗮 𝗨𝗰𝗵𝗶𝗵𝗮,𝐀𝐧𝐢𝐦𝐞: 𝗡𝗮𝗿𝘂𝘁𝗼,𝐑𝐚𝐫𝐢𝐭𝐲: ✨ 𝗔𝘀𝘁𝗿𝗮𝗹,,,,GALAXY DATABASE,21942,2026-08-28T20:27:45.145704
7,,𝐍𝐚𝐦𝐞: 𝗠𝗮𝗱𝗮𝗿𝗮 𝗨𝗰𝗵𝗶𝗵𝗮,𝐀𝐧𝐢𝐦𝐞: 𝗡𝗮𝗿𝘂𝘁𝗼,𝐑𝐚𝐫𝐢𝐭𝐲: 🌌 𝗡𝗲𝗯𝘂𝗹𝗮,,,,GALAXY DATABASE,21943,2026-08-28T20:27:45.207537
8,,𝐍𝐚𝐦𝐞: 𝗥𝘆𝗼𝗺𝗲𝗻 𝗦𝘂𝗸𝘂𝗻𝗮 (𝗸𝗶𝗻𝗴 𝗢𝗳 𝗖𝘂𝗿𝘀𝗲𝘀),𝐀𝐧𝐢𝐦𝐞: 𝗝𝘂𝗷𝘂𝘁𝘀𝘂 𝗞𝗮𝗶𝘀𝗲𝗻,𝐑𝐚𝐫𝐢𝐭𝐲: 🪐 G𝗮𝗹𝗮𝘅𝘆,,,,GALAXY DATABASE,21944,2026-08-28T20:27:45.269503
9,,𝐍𝐚𝐦𝐞: 𝗢𝗯𝗶𝘁𝗼 𝗨𝗰𝗵𝗶𝗵𝗮,𝐀𝐧𝐢𝐦𝐞: 𝗡𝗮𝗿𝘂𝘁𝗼,𝐑𝐚𝐫𝐢𝐭𝐲: 🪐 G𝗮𝗹𝗮𝘅𝘆,,,,GALAXY DATABASE,21945,2026-08-28T20:27:45.331642
10,,𝐍𝐚𝐦𝐞: 𝗥𝘆𝗼𝗺𝗲𝗻 𝗦𝘂𝗸𝘂𝗻𝗮,𝐀𝐧𝐢𝐦𝐞: 𝗝𝘂𝗷𝘂𝘁𝘀𝘂 𝗞𝗮𝗶𝘀𝗲𝗻,𝐑𝐚𝐫𝐢𝐭𝐲: ✨ 𝗔𝘀𝘁𝗿𝗮𝗹,,,,GALAXY DATABASE,21946,2026-08-28T20:27:45.393794
11,,𝐍𝐚𝐦𝐞: 𝗢𝗯𝗶𝘁𝗼 𝗨𝗰𝗵𝗶𝗵𝗮,𝐀𝐧𝐢𝐦𝐞: 𝗡𝗮𝗿𝘂𝘁𝗼,𝐑𝐚𝐫𝐢𝐭𝐲: ✨ 𝗔𝘀𝘁𝗿𝗮𝗹,,,,GALAXY DATABASE,21947,2026-08-28T20:27:45.456017
12,,𝐍𝐚𝐦𝐞: 𝗢𝗯𝗶𝘁𝗼 𝗨𝗰𝗵𝗶𝗵𝗮,𝐀𝐧𝐢𝐦𝐞: 𝗡𝗮𝗿𝘂𝘁𝗼,𝐑𝐚𝐫𝐢𝐭𝐲: 🌌 𝗡𝗲𝗯𝘂𝗹𝗮,,,,GALAXY DATABASE,21948,2026-08-28T20:27:45.517586
13,,𝐍𝐚𝐦𝐞: 𝗦𝗮𝘁𝗼𝗿𝘂 G𝗼𝗷𝗼,𝐀𝐧𝐢𝐦𝐞: 𝗝𝘂𝗷𝘂𝘁𝘀𝘂 𝗞𝗮𝗶𝘀𝗲𝗻,𝐑𝐚𝐫𝐢𝐭𝐲: 🌌 𝗡𝗲𝗯𝘂𝗹𝗮,,,,GALAXY DATABASE,21949,2026-08-28T20:27:45.580759
14,,𝐍𝐚𝐦𝐞: 𝗦𝗮𝘁𝗼𝗿𝘂 G𝗼𝗷𝗼 (𝘁𝗵𝗲 𝗛𝗼𝗻𝗼𝗿𝗲𝗱 𝗢𝗻𝗲),𝐀𝐧𝐢𝐦𝐞: 𝗝𝘂𝗷𝘂𝘁𝘀𝘂 𝗞𝗮𝗶𝘀𝗲𝗻,𝐑𝐚𝐫𝐢𝐭𝐲: 🪐 G𝗮𝗹𝗮𝘅𝘆,,,,GALAXY DATABASE,21950,2026-08-28T20:27:45.642312
15,,𝐍𝐚𝐦𝐞: 𝗦𝗮𝘁𝗼𝗿𝘂 G𝗼𝗷𝗼,𝐀𝐧𝐢𝐦𝐞: 𝗝𝘂𝗷𝘂𝘁𝘀𝘂 𝗞𝗮𝗶𝘀𝗲𝗻,𝐑𝐚𝐫𝐢𝐭𝐲: ✨ 𝗔𝘀𝘁𝗿𝗮𝗹,,,,GALAXY DATABASE,21951,2026-08-28T20:27:45.704038
16,,𝐍𝐚𝐦𝐞: 𝗡𝗮𝗿𝘂𝘁𝗼 𝗨𝘇𝘂𝗺𝗮𝗸𝗶,𝐀𝐧𝐢𝐦𝐞: 𝗡𝗮𝗿𝘂𝘁𝗼,𝐑𝐚𝐫𝐢𝐭𝐲: ✨ 𝗔𝘀𝘁𝗿𝗮𝗹,,,,GALAXY DATABASE,21952,2026-08-28T20:27:45.765658
17,,𝐍𝐚𝐦𝐞: 𝗡𝗮𝗿𝘂𝘁𝗼 𝗨𝘇𝘂𝗺𝗮𝗸𝗶,𝐀𝐧𝐢𝐦𝐞: 𝗡𝗮𝗿𝘂𝘁𝗼,𝐑𝐚𝐫𝐢𝐭𝐲: 🌌 𝗡𝗲𝗯𝘂𝗹𝗮,,,,GALAXY DATABASE,21953,2026-08-28T20:27:45.826712
18,,𝐍𝐚𝐦𝐞: 𝗡𝗮𝗿𝘂𝘁𝗼 𝗨𝘇𝘂𝗺𝗮𝗸𝗶 𝗔𝗻𝗱 𝗦𝗮𝘀𝘂𝗸𝗲 𝗨𝗰𝗵𝗶𝗵𝗮,𝐀𝐧𝐢𝐦𝐞: 𝗡𝗮𝗿𝘂𝘁𝗼,𝐑𝐚𝐫𝐢𝐭𝐲: 🪐 G𝗮𝗹𝗮𝘅𝘆,,,,GALAXY DATABASE,21954,2026-08-28T20:27:45.889944
19,,𝐍𝐚𝐦𝐞: 𝗧𝗼𝗸𝘆𝗼 G𝗵𝗼𝘂𝗹,𝐀𝐧𝐢𝐦𝐞: 𝗧𝗼𝗸𝘆𝗼 G𝗵𝗼𝘂𝗹,𝐑𝐚𝐫𝐢𝐭𝐲: ✨ 𝗔𝘀𝘁𝗿𝗮𝗹,,,,GALAXY DATABASE,21955,2026-08-28T20:27:45.953295
20,,𝐍𝐚𝐦𝐞: 𝗞𝗲𝗻 𝗞𝗮𝗻𝗲𝗸𝗶,𝐀𝐧𝐢𝐦𝐞: 𝗧𝗼𝗸𝘆𝗼 G𝗵𝗼𝘂𝗹,𝐑𝐚𝐫𝐢𝐭𝐲: 🌌 𝗡𝗲𝗯𝘂𝗹𝗮,,,,GALAXY DATABASE,21956,2026-08-28T20:27:46.015185
21,,𝐍𝐚𝐦𝐞: 𝗞𝗲𝗻 𝗞𝗮𝗻𝗲𝗸𝗶,𝐀𝐧𝐢𝐦𝐞: 𝗧𝗼𝗸𝘆𝗼 G𝗵𝗼𝘂𝗹,𝐑𝐚𝐫𝐢𝐭𝐲: ✨ 𝗔𝘀𝘁𝗿𝗮𝗹,,,,GALAXY DATABASE,21957,2026-08-28T20:27:46.076964
22,,𝐍𝐚𝐦𝐞: 𝗞𝗲𝗻 𝗞𝗮𝗻𝗲𝗸𝗶,𝐀𝐧𝐢𝐦𝐞: 𝗧𝗼𝗸𝘆𝗼 G𝗵𝗼𝘂𝗹,𝐑𝐚𝐫𝐢𝐭𝐲: 🪐 G𝗮𝗹𝗮𝘅𝘆,,,,GALAXY DATABASE,21958,2026-08-28T20:27:46.140921
23,,𝐍𝐚𝐦𝐞: 𝗥𝗼𝗿𝗼𝗻𝗼𝗮 𝗭𝗼𝗿𝗼,𝐀𝐧𝐢𝐦𝐞: 𝗢𝗻𝗲 𝗣𝗶𝗲𝗰𝗲,𝐑𝐚𝐫𝐢𝐭𝐲: ✨ 𝗔𝘀𝘁𝗿𝗮𝗹,,,,GALAXY DATABASE,21959,2026-08-28T20:27:46.204539
24,,𝐍𝐚𝐦𝐞: 𝗠𝗼𝗻𝗸𝗲𝘆 𝗗. 𝗟𝘂𝗳𝗳𝘆,𝐀𝐧𝐢𝐦𝐞: 𝗢𝗻𝗲 𝗣𝗶𝗲𝗰𝗲,𝐑𝐚𝐫𝐢𝐭𝐲: ✨ 𝗔𝘀𝘁𝗿𝗮𝗹,,,,GALAXY DATABASE,21960,2026-08-28T20:27:46.268133
25,,𝐍𝐚𝐦𝐞: 𝗞𝘂𝗿𝗮𝗽𝗶𝗸𝗮,𝐀𝐧𝐢𝐦𝐞: 𝗛𝘂𝗻𝘁𝗲𝗿 X 𝗛𝘂𝗻𝘁𝗲𝗿,𝐑𝐚𝐫𝐢𝐭𝐲: ✨ 𝗔𝘀𝘁𝗿𝗮𝗹,,,,GALAXY DATABASE,21961,2026-08-28T20:27:46.330158
26,,𝐍𝐚𝐦𝐞: 𝗞𝘂𝗿𝗮𝗽𝗶𝗸𝗮,𝐀𝐧𝐢𝐦𝐞: 𝗛𝘂𝗻𝘁𝗲𝗿 X 𝗛𝘂𝗻𝘁𝗲𝗿,𝐑𝐚𝐫𝐢𝐭𝐲: 🪐 G𝗮𝗹𝗮𝘅𝘆,,,,GALAXY DATABASE,21962,2026-08-28T20:27:46.392436
27,,𝐍𝐚𝐦𝐞: 𝗞𝘂𝗿𝗮𝗽𝗶𝗸𝗮,𝐀𝐧𝐢𝐦𝐞: 𝗛𝘂𝗻𝘁𝗲𝗿 X 𝗛𝘂𝗻𝘁𝗲𝗿,𝐑𝐚𝐫𝐢𝐭𝐲: 🌌 𝗡𝗲𝗯𝘂𝗹𝗮,,,,GALAXY DATABASE,21963,2026-08-28T20:27:46.456323
28,,𝐍𝐚𝐦𝐞: 𝗞𝗮𝘁𝘀𝘂𝗸𝗶 𝗕𝗮𝗸𝘂𝗴𝗼,𝐀𝐧𝐢𝐦𝐞: 𝗠𝘆 𝗛𝗲𝗿𝗼 𝗔𝗰𝗮𝗱𝗲𝗺𝗶𝗮,𝐑𝐚𝐫𝐢𝐭𝐲: 🪐 G𝗮𝗹𝗮𝘅𝘆,,,,GALAXY DATABASE,21964,2026-08-28T20:27:46.519112
29,,𝐍𝐚𝐦𝐞: 𝗞𝗮𝘁𝘀𝘂𝗸𝗶 𝗕𝗮𝗸𝘂𝗴𝗼,𝐀𝐧𝐢𝐦𝐞: 𝗠𝘆 𝗛𝗲𝗿𝗼 𝗔𝗰𝗮𝗱𝗲𝗺𝗶𝗮,𝐑𝐚𝐫𝐢𝐭𝐲: 🌌 𝗡𝗲𝗯𝘂𝗹𝗮,,,,GALAXY DATABASE,21965,2026-08-28T20:27:46.581658
30,,𝐍𝐚𝐦𝐞: 𝗞𝗮𝘁𝘀𝘂𝗸𝗶 𝗕𝗮𝗸𝘂𝗴𝗼,𝐀𝐧𝐢𝐦𝐞: 𝗠𝘆 𝗛𝗲𝗿𝗼 𝗔𝗰𝗮𝗱𝗲𝗺𝗶𝗮,𝐑𝐚𝐫𝐢𝐭𝐲: ✨ 𝗔𝘀𝘁𝗿𝗮𝗹,,,,GALAXY DATABASE,21966,2026-08-28T20:27:46.643607
31,,𝐍𝐚𝐦𝐞: 𝗜𝘇𝘂𝗸𝘂 𝗠𝗶𝗱𝗼𝗿𝗶𝘆𝗮,𝐀𝐧𝐢𝐦𝐞: 𝗠𝘆 𝗛𝗲𝗿𝗼 𝗔𝗰𝗮𝗱𝗲𝗺𝗶𝗮,𝐑𝐚𝐫𝐢𝐭𝐲: ✨ 𝗔𝘀𝘁𝗿𝗮𝗹,,,,GALAXY DATABASE,21967,2026-08-28T20:27:46.706942
32,,𝐍𝐚𝐦𝐞: 𝗜𝘇𝘂𝗸𝘂 𝗠𝗶𝗱𝗼𝗿𝗶𝘆𝗮,𝐀𝐧𝐢𝐦𝐞: 𝗠𝘆 𝗛𝗲𝗿𝗼 𝗔𝗰𝗮𝗱𝗲𝗺𝗶𝗮,𝐑𝐚𝐫𝐢𝐭𝐲: 🌌 𝗡𝗲𝗯𝘂𝗹𝗮,,,,GALAXY DATABASE,21968,2026-08-28T20:27:46.768272
33,,𝐍𝐚𝐦𝐞: 𝗠𝗼𝗻𝗸𝗲𝘆 𝗗. 𝗟𝘂𝗳𝗳𝘆,𝐀𝐧𝐢𝐦𝐞: 𝗢𝗻𝗲 𝗣𝗶𝗲𝗰𝗲,𝐑𝐚𝐫𝐢𝐭𝐲: 🌌 𝗡𝗲𝗯𝘂𝗹𝗮,,,,GALAXY DATABASE,21969,2026-08-28T20:27:46.830399
34,,𝐍𝐚𝐦𝐞: 𝗗𝗮𝗻𝘁𝗲,𝐀𝐧𝐢𝐦𝐞: 𝗗𝗲𝘃𝗶𝗹 𝗠𝗮𝘆 𝗖𝗿𝘆,𝐑𝐚𝐫𝐢𝐭𝐲: ✨ 𝗔𝘀𝘁𝗿𝗮𝗹,,,,GALAXY DATABASE,21970,2026-08-28T20:27:46.892724
35,,𝐍𝐚𝐦𝐞: 𝗩𝗶𝗻𝘀𝗺𝗼𝗸𝗲 𝗦𝗮𝗻𝗷𝗶,𝐀𝐧𝐢𝐦𝐞: 𝗢𝗻𝗲 𝗣𝗶𝗲𝗰𝗲,𝐑𝐚𝐫𝐢𝐭𝐲: 🌌 𝗡𝗲𝗯𝘂𝗹𝗮,,,,GALAXY DATABASE,21971,2026-08-28T20:27:46.956356
36,,𝐍𝐚𝐦𝐞: 𝗝𝗼𝗷𝗼 𝗕𝗶𝘇𝗮𝗿𝗿𝗲 𝗔𝗱𝘃𝗲𝗻𝘁𝘂𝗿𝗲,𝐀𝐧𝐢𝐦𝐞: 𝗝𝗼𝗷𝗼,𝐑𝐚𝐫𝐢𝐭𝐲: ✨ 𝗔𝘀𝘁𝗿𝗮𝗹,,,,GALAXY DATABASE,21972,2026-08-28T20:27:47.018272
37,,𝐍𝐚𝐦𝐞: 𝗗𝗮𝗻𝗱𝗮𝗱𝗮𝗻,𝐀𝐧𝐢𝐦𝐞: 𝗗𝗮𝗻𝗱𝗮𝗱𝗮𝗻,𝐑𝐚𝐫𝐢𝐭𝐲: 🌌 𝗡𝗲𝗯𝘂𝗹𝗮,,,,GALAXY DATABASE,21973,2026-08-28T20:27:47.082500
38,,𝐍𝐚𝐦𝐞: 𝗙𝗮𝘀𝘁 𝗔𝗻𝗱 𝗙𝘂𝗿𝗶𝗼𝘂𝘀,𝐀𝐧𝐢𝐦𝐞: 𝗙𝗮𝘀𝘁 𝗔𝗻𝗱 𝗙𝘂𝗿𝗶𝗼𝘂𝘀,𝐑𝐚𝐫𝐢𝐭𝐲: 🌌 𝗡𝗲𝗯𝘂𝗹𝗮,,,,GALAXY DATABASE,21974,2026-08-28T20:27:47.145229
39,,𝐍𝐚𝐦𝐞: 𝗠𝗶𝗸𝗮𝘀𝗮 𝗔𝗰𝗸𝗲𝗿𝗺𝗮𝗻,𝐀𝐧𝐢𝐦𝐞: 𝗔𝘁𝘁𝗮𝗰𝗸 𝗢𝗻 𝗧𝗶𝘁𝗮𝗻,𝐑𝐚𝐫𝐢𝐭𝐲: ✨ 𝗔𝘀𝘁𝗿𝗮𝗹,,,,GALAXY DATABASE,21975,2026-08-28T20:27:47.207028
40,,𝐍𝐚𝐦𝐞: 𝗧𝗵𝗲 𝗢𝗿𝗱𝗲𝗿,𝐀𝐧𝐢𝐦𝐞: 𝗦𝗮𝗸𝗮𝗺𝗼𝘁𝗼 𝗗𝗮𝘆𝘀,𝐑𝐚𝐫𝐢𝐭𝐲: ✨ 𝗔𝘀𝘁𝗿𝗮𝗹,,,,GALAXY DATABASE,21976,2026-08-28T20:27:47.268474
41,,𝐍𝐚𝐦𝐞: 𝗘𝗿𝗲𝗻 𝗬𝗲𝗮𝗴𝗲𝗿,𝐀𝐧𝐢𝐦𝐞: 𝗔𝘁𝘁𝗮𝗰𝗸 𝗢𝗻 𝗧𝗶𝘁𝗮𝗻,𝐑𝐚𝐫𝐢𝐭𝐲: 🪐 G𝗮𝗹𝗮𝘅𝘆,,,,GALAXY DATABASE,21977,2026-08-28T20:27:47.330349
42,,𝐍𝐚𝐦𝐞: 𝗔𝘁𝘁𝗮𝗰𝗸 𝗢𝗻 𝗧𝗶𝘁𝗮𝗻,𝐀𝐧𝐢𝐦𝐞: 𝗔𝘁𝘁𝗮𝗰𝗸 𝗢𝗻 𝗧𝗶𝘁𝗮𝗻,𝐑𝐚𝐫𝐢𝐭𝐲: 🪐 G𝗮𝗹𝗮𝘅𝘆,,,,GALAXY DATABASE,21978,2026-08-28T20:27:47.392480
43,,𝐍𝐚𝐦𝐞: 𝗟𝗲𝘃𝗶 𝗔𝗰𝗸𝗲𝗿𝗺𝗮𝗻,𝐀𝐧𝐢𝐦𝐞: 𝗔𝘁𝘁𝗮𝗰𝗸 𝗢𝗻 𝗧𝗶𝘁𝗮𝗻,𝐑𝐚𝐫𝐢𝐭𝐲: ✨ 𝗔𝘀𝘁𝗿𝗮𝗹,,,,GALAXY DATABASE,21979,2026-08-28T20:27:47.455549
44,,𝐍𝐚𝐦𝐞: 𝗟𝗲𝘃𝗶 𝗔𝗰𝗸𝗲𝗿𝗺𝗮𝗻,𝐀𝐧𝐢𝐦𝐞: 𝗔𝘁𝘁𝗮𝗰𝗸 𝗢𝗻 𝗧𝗶𝘁𝗮𝗻,𝐑𝐚𝐫𝐢𝐭𝐲: 🌌 𝗡𝗲𝗯𝘂𝗹𝗮,,,,GALAXY DATABASE,21980,2026-08-28T20:27:47.517136
45,,𝐍𝐚𝐦𝐞: 𝗘𝗿𝗲𝗻 𝗬𝗲𝗮𝗴𝗲𝗿,𝐀𝐧𝐢𝐦𝐞: 𝗔𝘁𝘁𝗮𝗰𝗸 𝗢𝗻 𝗧𝗶𝘁𝗮𝗻,𝐑𝐚𝐫𝐢𝐭𝐲: 🌌 𝗡𝗲𝗯𝘂𝗹𝗮,,,,GALAXY DATABASE,21981,2026-08-28T20:27:47.578528
46,,𝐍𝐚𝐦𝐞: 𝗠𝗮𝗸𝗶𝗺𝗮,𝐀𝐧𝐢𝐦𝐞: 𝗖𝗵𝗮𝗶𝗻𝘀𝗮𝘄 𝗠𝗮𝗻,𝐑𝐚𝐫𝐢𝐭𝐲: ✨ 𝗔𝘀𝘁𝗿𝗮𝗹,,,,GALAXY DATABASE,21982,2026-08-28T20:27:47.640784
47,,𝐍𝐚𝐦𝐞: 𝗗𝗲𝗻𝗷𝗶 𝗩𝗲𝗿𝘀𝘂𝘀 𝗥𝗲𝘇𝗲,𝐀𝐧𝐢𝐦𝐞: 𝗖𝗵𝗮𝗶𝗻𝘀𝗮𝘄 𝗠𝗮𝗻,𝐑𝐚𝐫𝐢𝐭𝐲: 🪐 G𝗮𝗹𝗮𝘅𝘆,,,,GALAXY DATABASE,21983,2026-08-28T20:27:47.702517
48,,𝐍𝐚𝐦𝐞: 𝗗𝗲𝗻𝗷𝗶 𝗔𝗻𝗱 𝗥𝗲𝘇𝗲,𝐀𝐧𝐢𝐦𝐞: 𝗖𝗵𝗮𝗶𝗻𝘀𝗮𝘄 𝗠𝗮𝗻,𝐑𝐚𝐫𝐢𝐭𝐲: 🪐 G𝗮𝗹𝗮𝘅𝘆,,,,GALAXY DATABASE,21984,2026-08-28T20:27:47.764787
49,,𝐍𝐚𝐦𝐞: 𝗗𝗲𝗻𝗷𝗶 𝗔𝗻𝗱 𝗥𝗲𝘇𝗲,𝐀𝐧𝐢𝐦𝐞: 𝗖𝗵𝗮𝗶𝗻𝘀𝗮𝘄 𝗠𝗮𝗻,𝐑𝐚𝐫𝐢𝐭𝐲: ✨ 𝗔𝘀𝘁𝗿𝗮𝗹,,,,GALAXY DATABASE,21985,2026-08-28T20:27:47.826755
50,,𝐍𝐚𝐦𝐞: 𝗖𝗵𝗮𝗶𝗻𝘀𝗮𝘄 𝗠𝗮𝗻,𝐀𝐧𝐢𝐦𝐞: 𝗖𝗵𝗮𝗶𝗻𝘀𝗮𝘄 𝗠𝗮𝗻,𝐑𝐚𝐫𝐢𝐭𝐲: 🪐 G𝗮𝗹𝗮𝘅𝘆,,,,GALAXY DATABASE,21986,2026-08-28T20:27:47.890332
51,,𝐍𝐚𝐦𝐞: 𝗠𝗮𝗸𝗶𝗺𝗮,𝐀𝐧𝐢𝐦𝐞: 𝗖𝗵𝗮𝗶𝗻𝘀𝗮𝘄 𝗠𝗮𝗻,𝐑𝐚𝐫𝐢𝐭𝐲: 🪐 G𝗮𝗹𝗮𝘅𝘆,,,,GALAXY DATABASE,21987,2026-08-28T20:27:47.953922
52,,𝐍𝐚𝐦𝐞: 𝗥𝗲𝘇𝗲,𝐀𝐧𝐢𝐦𝐞: 𝗖𝗵𝗮𝗶𝗻𝘀𝗮𝘄 𝗠𝗮𝗻,𝐑𝐚𝐫𝐢𝐭𝐲: ✨ 𝗔𝘀𝘁𝗿𝗮𝗹,,,,GALAXY DATABASE,21988,2026-08-28T20:27:48.015669
53,,𝐍𝐚𝐦𝐞: 𝗛𝗶𝘆𝘂𝗸𝗶,𝐀𝐧𝐢𝐦𝐞: 𝗪𝘂𝘁𝗵𝗲𝗿𝗶𝗻𝗴 𝗪𝗮𝘃𝗲𝘀,𝐑𝐚𝐫𝐢𝐭𝐲: 🪐 G𝗮𝗹𝗮𝘅𝘆,,,,GALAXY DATABASE,21989,2026-08-28T20:27:48.077922
54,,𝐍𝐚𝐦𝐞: 𝗛𝗶𝘆𝘂𝗸𝗶,𝐀𝐧𝐢𝐦𝐞: 𝗪𝘂𝘁𝗵𝗲𝗿𝗶𝗻𝗴 𝗪𝗮𝘃𝗲𝘀,𝐑𝐚𝐫𝐢𝐭𝐲: 🌌 𝗡𝗲𝗯𝘂𝗹𝗮,,,,GALAXY DATABASE,21990,2026-08-28T20:27:48.140463
55,,𝐍𝐚𝐦𝐞: 𝗛𝗶𝘆𝘂𝗸𝗶,𝐀𝐧𝐢𝐦𝐞: 𝗪𝘂𝘁𝗵𝗲𝗿𝗶𝗻𝗴 𝗪𝗮𝘃𝗲𝘀,𝐑𝐚𝐫𝐢𝐭𝐲: ✨ 𝗔𝘀𝘁𝗿𝗮𝗹,,,,GALAXY DATABASE,21991,2026-08-28T20:27:48.202855
56,,𝐍𝐚𝐦𝐞: 𝗭𝗮𝗻𝗶,𝐀𝐧𝐢𝐦𝐞: 𝗪𝘂𝘁𝗵𝗲𝗿𝗶𝗻𝗴 𝗪𝗮𝘃𝗲𝘀,𝐑𝐚𝐫𝐢𝐭𝐲: 🪐 G𝗮𝗹𝗮𝘅𝘆,,,,GALAXY DATABASE,21992,2026-08-28T20:27:48.265565
57,,𝐍𝐚𝐦𝐞: 𝗭𝗮𝗻𝗶,𝐀𝐧𝐢𝐦𝐞: 𝗪𝘂𝘁𝗵𝗲𝗿𝗶𝗻𝗴 𝗪𝗮𝘃𝗲𝘀,𝐑𝐚𝐫𝐢𝐭𝐲: ✨ 𝗔𝘀𝘁𝗿𝗮𝗹,,,,GALAXY DATABASE,21993,2026-08-28T20:27:48.327408
58,,𝐍𝐚𝐦𝐞: 𝗭𝗮𝗻𝗶,𝐀𝐧𝐢𝐦𝐞: 𝗪𝘂𝘁𝗵𝗲𝗿𝗶𝗻𝗴 𝗪𝗮𝘃𝗲𝘀,𝐑𝐚𝐫𝐢𝐭𝐲: 🌌 𝗡𝗲𝗯𝘂𝗹𝗮,,,,GALAXY DATABASE,21994,2026-08-28T20:27:48.388858
59,,𝐍𝐚𝐦𝐞: 𝗖𝗵𝗶𝘀𝗮,𝐀𝐧𝐢𝐦𝐞: 𝗪𝘂𝘁𝗵𝗲𝗿𝗶𝗻𝗴 𝗪𝗮𝘃𝗲𝘀,𝐑𝐚𝐫𝐢𝐭𝐲: ✨ 𝗔𝘀𝘁𝗿𝗮𝗹,,,,GALAXY DATABASE,21995,2026-08-28T20:27:48.452357
60,,𝐍𝐚𝐦𝐞: 𝗖𝗵𝗶𝘀𝗮,𝐀𝐧𝐢𝐦𝐞: 𝗪𝘂𝘁𝗵𝗲𝗿𝗶𝗻𝗴 𝗪𝗮𝘃𝗲𝘀,𝐑𝐚𝐫𝐢𝐭𝐲: 🪐 G𝗮𝗹𝗮𝘅𝘆,,,,GALAXY DATABASE,21996,2026-08-28T20:27:48.513470
61,,𝐍𝐚𝐦𝐞: 𝗖𝗵𝗶𝘀𝗮,𝐀𝐧𝐢𝐦𝐞: 𝗪𝘂𝘁𝗵𝗲𝗿𝗶𝗻𝗴 𝗪𝗮𝘃𝗲𝘀,𝐑𝐚𝐫𝐢𝐭𝐲: 🌌 𝗡𝗲𝗯𝘂𝗹𝗮,,,,GALAXY DATABASE,21997,2026-08-28T20:27:48.575809
62,,𝐍𝐚𝐦𝐞: 𝗔𝗿𝗹𝗲𝗰𝗰𝗵𝗶𝗻𝗼,𝐀𝐧𝐢𝐦𝐞: G𝗲𝗻𝘀𝗵𝗶𝗻 𝗜𝗺𝗽𝗮𝗰𝘁,𝐑𝐚𝐫𝐢𝐭𝐲: ✨ 𝗔𝘀𝘁𝗿𝗮𝗹,,,,GALAXY DATABASE,21998,2026-08-28T20:27:48.638056
63,,𝐍𝐚𝐦𝐞: 𝗔𝗿𝗹𝗲𝗰𝗰𝗵𝗶𝗻𝗼,𝐀𝐧𝐢𝐦𝐞: G𝗲𝗻𝘀𝗵𝗶𝗻 𝗜𝗺𝗽𝗮𝗰𝘁,𝐑𝐚𝐫𝐢𝐭𝐲: 🪐 G𝗮𝗹𝗮𝘅𝘆,,,,GALAXY DATABASE,21999,2026-08-28T20:27:48.700036
64,,𝐍𝐚𝐦𝐞: 𝗔𝗿𝗹𝗲𝗰𝗰𝗵𝗶𝗻𝗼,𝐀𝐧𝐢𝐦𝐞: G𝗲𝗻𝘀𝗵𝗶𝗻 𝗜𝗺𝗽𝗮𝗰𝘁,𝐑𝐚𝐫𝐢𝐭𝐲: 🌌 𝗡𝗲𝗯𝘂𝗹𝗮,,,,GALAXY DATABASE,22000,2026-08-28T20:27:48.763134
65,,𝐍𝐚𝐦𝐞: 𝗗𝗮𝘃𝗶𝗱 𝗠𝗮𝗿𝘁𝗶𝗻𝗲𝘇 𝗔𝗻𝗱 𝗟𝘂𝗰𝘆𝗻𝗮 𝗞𝘂𝘀𝗵𝗶𝗻𝗮𝗱𝗮,𝐀𝐧𝐢𝐦𝐞: 𝗖𝘆𝗯𝗲𝗿𝗽𝘂𝗻𝗸 𝗘𝗱𝗴𝗲𝗿𝘂𝗻𝗻𝗲𝗿𝘀,𝐑𝐚𝐫𝐢𝐭𝐲: ✨ 𝗔𝘀𝘁𝗿𝗮𝗹,,,,GALAXY DATABASE,22001,2026-08-28T20:27:48.825191
66,,𝐍𝐚𝐦𝐞: 𝗗𝗮𝘃𝗶𝗱 𝗠𝗮𝗿𝘁𝗶𝗻𝗲𝘇 𝗔𝗻𝗱 𝗟𝘂𝗰𝘆𝗻𝗮 𝗞𝘂𝘀𝗵𝗶𝗻𝗮𝗱𝗮,𝐀𝐧𝐢𝐦𝐞: 𝗖𝘆𝗯𝗲𝗿𝗽𝘂𝗻𝗸 𝗘𝗱𝗴𝗲𝗿𝘂𝗻𝗻𝗲𝗿𝘀,𝐑𝐚𝐫𝐢𝐭𝐲: 🪐 G𝗮𝗹𝗮𝘅𝘆,,,,GALAXY DATABASE,22002,2026-08-28T20:27:48.888147
67,,𝐍𝐚𝐦𝐞: 𝗞𝗶𝗹𝗹𝘂𝗮 𝗭𝗼𝗹𝗱𝘆𝗰𝗸,𝐀𝐧𝐢𝐦𝐞: 𝗛𝘂𝗻𝘁𝗲𝗿 X 𝗛𝘂𝗻𝘁𝗲𝗿,𝐑𝐚𝐫𝐢𝐭𝐲: ✨ 𝗔𝘀𝘁𝗿𝗮𝗹,,,,GALAXY DATABASE,22003,2026-08-28T20:27:48.951987
68,,𝐍𝐚𝐦𝐞: 𝗞𝗶𝗹𝗹𝘂𝗮 𝗭𝗼𝗹𝗱𝘆𝗰𝗸,𝐀𝐧𝐢𝐦𝐞: 𝗛𝘂𝗻𝘁𝗲𝗿 X 𝗛𝘂𝗻𝘁𝗲𝗿,𝐑𝐚𝐫𝐢𝐭𝐲: 🌌 𝗡𝗲𝗯𝘂𝗹𝗮,,,,GALAXY DATABASE,22004,2026-08-28T20:27:49.029298
69,,𝐍𝐚𝐦𝐞: 𝗗𝗮𝘃𝗶𝗱 𝗠𝗮𝗿𝘁𝗶𝗻𝗲𝘇 𝗔𝗻𝗱 𝗟𝘂𝗰𝘆𝗻𝗮 𝗞𝘂𝘀𝗵𝗶𝗻𝗮𝗱𝗮,𝐀𝐧𝐢𝐦𝐞: 𝗖𝘆𝗯𝗲𝗿𝗽𝘂𝗻𝗸 𝗘𝗱𝗴𝗲𝗿𝘂𝗻𝗻𝗲𝗿𝘀,𝐑𝐚𝐫𝐢𝐭𝐲: 🌌 𝗡𝗲𝗯𝘂𝗹𝗮,,,,GALAXY DATABASE,22005,2026-08-28T20:27:49.092316
70,,𝐍𝐚𝐦𝐞: 𝗖𝗵𝗿𝗼𝗹𝗹𝗼 𝗟𝘂𝗰𝗶𝗳𝗲𝗿,𝐀𝐧𝐢𝐦𝐞: 𝗛𝘂𝗻𝘁𝗲𝗿 X 𝗛𝘂𝗻𝘁𝗲𝗿,𝐑𝐚𝐫𝐢𝐭𝐲: 🪐 G𝗮𝗹𝗮𝘅𝘆,,,,GALAXY DATABASE,22006,2026-08-28T20:27:49.155319
71,,𝐍𝐚𝐦𝐞: 𝗖𝗵𝗿𝗼𝗹𝗹𝗼 𝗟𝘂𝗰𝗶𝗳𝗲𝗿,𝐀𝐧𝐢𝐦𝐞: 𝗛𝘂𝗻𝘁𝗲𝗿 X 𝗛𝘂𝗻𝘁𝗲𝗿,𝐑𝐚𝐫𝐢𝐭𝐲: ✨ 𝗔𝘀𝘁𝗿𝗮𝗹,,,,GALAXY DATABASE,22007,2026-08-28T20:27:49.225290
72,,𝐍𝐚𝐦𝐞: 𝗛𝗶𝘀𝗼𝗸𝗮 𝗠𝗼𝗿𝗼𝘄,𝐀𝐧𝐢𝐦𝐞: 𝗛𝘂𝗻𝘁𝗲𝗿 X 𝗛𝘂𝗻𝘁𝗲𝗿,𝐑𝐚𝐫𝐢𝐭𝐲: 🪐 G𝗮𝗹𝗮𝘅𝘆,,,,GALAXY DATABASE,22008,2026-08-28T20:27:49.296357
73,,𝐍𝐚𝐦𝐞: 𝗛𝗶𝘀𝗼𝗸𝗮 𝗠𝗼𝗿𝗼𝘄,𝐀𝐧𝐢𝐦𝐞: 𝗛𝘂𝗻𝘁𝗲𝗿 X 𝗛𝘂𝗻𝘁𝗲𝗿,𝐑𝐚𝐫𝐢𝐭𝐲: ✨ 𝗔𝘀𝘁𝗿𝗮𝗹,,,,GALAXY DATABASE,22009,2026-08-28T20:27:49.359179
74,,𝐍𝐚𝐦𝐞: 𝗛𝗶𝘀𝗼𝗸𝗮 𝗠𝗼𝗿𝗼𝘄,𝐀𝐧𝐢𝐦𝐞: 𝗛𝘂𝗻𝘁𝗲𝗿 X 𝗛𝘂𝗻𝘁𝗲𝗿,𝐑𝐚𝐫𝐢𝐭𝐲: 🌌 𝗡𝗲𝗯𝘂𝗹𝗮,,,,GALAXY DATABASE,22010,2026-08-28T20:27:49.420941
75,,𝐍𝐚𝐦𝐞: 𝗥𝘆𝘂𝘀𝗲𝗶 𝗦𝗵𝗶𝗱𝗼𝘂,𝐀𝐧𝐢𝐦𝐞: 𝗕𝗹𝘂𝗲 𝗟𝗼𝗰𝗸,𝐑𝐚𝐫𝐢𝐭𝐲: ✨ 𝗔𝘀𝘁𝗿𝗮𝗹,,,,GALAXY DATABASE,22011,2026-08-28T20:27:49.484191
76,,𝐍𝐚𝐦𝐞: 𝗖𝗵𝗿𝗼𝗹𝗹𝗼 𝗟𝘂𝗰𝗶𝗳𝗲𝗿,𝐀𝐧𝐢𝐦𝐞: 𝗛𝘂𝗻𝘁𝗲𝗿 X 𝗛𝘂𝗻𝘁𝗲𝗿,𝐑𝐚𝐫𝐢𝐭𝐲: 🌌 𝗡𝗲𝗯𝘂𝗹𝗮,,,,GALAXY DATABASE,22012,2026-08-28T20:27:49.547833
77,,𝐍𝐚𝐦𝐞: 𝗛𝗼𝘄 𝗧𝗼 𝗧𝗿𝗮𝗶𝗻 𝗬𝗼𝘂𝗿 𝗗𝗿𝗮𝗴𝗼𝗻,𝐀𝐧𝐢𝐦𝐞: 𝗛𝗼𝘄 𝗧𝗼 𝗧𝗿𝗮𝗶𝗻 𝗬𝗼𝘂𝗿 𝗗𝗿𝗮𝗴𝗼𝗻,𝐑𝐚𝐫𝐢𝐭𝐲: 🌌 𝗡𝗲𝗯𝘂𝗹𝗮,,,,GALAXY DATABASE,22013,2026-08-28T20:27:49.608813
78,,𝐍𝐚𝐦𝐞: 𝗛𝗶𝗰𝗰𝘂𝗽 𝗛𝗮𝗱𝗱𝗼𝗰𝗸 𝗔𝗻𝗱 𝗧𝗼𝗼𝘁𝗵𝗹𝗲𝘀𝘀,𝐀𝐧𝐢𝐦𝐞: 𝗛𝗼𝘄 𝗧𝗼 𝗧𝗿𝗮𝗶𝗻 𝗬𝗼𝘂𝗿 𝗗𝗿𝗮𝗴𝗼𝗻,𝐑𝐚𝐫𝐢𝐭𝐲: ✨ 𝗔𝘀𝘁𝗿𝗮𝗹,,,,GALAXY DATABASE,22014,2026-08-28T20:27:49.670571
79,,𝐍𝐚𝐦𝐞: 𝗕𝗹𝘂𝗲 𝗟𝗼𝗰𝗸,𝐀𝐧𝐢𝐦𝐞: 𝗕𝗹𝘂𝗲 𝗟𝗼𝗰𝗸,𝐑𝐚𝐫𝐢𝐭𝐲: ✨ 𝗔𝘀𝘁𝗿𝗮𝗹,,,,GALAXY DATABASE,22015,2026-08-28T20:27:49.747234
80,,𝐍𝐚𝐦𝐞: 𝗜𝘀𝗮𝗴𝗶 𝗬𝗼𝗶𝗰𝗵𝗶,𝐀𝐧𝐢𝐦𝐞: 𝗕𝗹𝘂𝗲 𝗟𝗼𝗰𝗸,𝐑𝐚𝐫𝐢𝐭𝐲: ✨ 𝗔𝘀𝘁𝗿𝗮𝗹,,,,GALAXY DATABASE,22016,2026-08-28T20:27:49.808994
81,,𝐍𝐚𝐦𝐞: 𝗦𝗵𝗶𝗻𝗺𝗼𝗻 𝗕𝗲𝗻𝗶𝗺𝗮𝗿𝘂,𝐀𝐧𝐢𝐦𝐞: 𝗙𝗶𝗿𝗲 𝗙𝗼𝗿𝗰𝗲,𝐑𝐚𝐫𝐢𝐭𝐲: ✨ 𝗔𝘀𝘁𝗿𝗮𝗹,,,,GALAXY DATABASE,22017,2026-08-28T20:27:49.871793
82,,𝐍𝐚𝐦𝐞: 𝗡𝗮𝗴𝗶 𝗦𝗲𝗶𝘀𝗵𝗶𝗿𝗼 𝗔𝗻𝗱 𝗜𝘀𝗮𝗴𝗶 𝗬𝗼𝗶𝗰𝗵𝗶,𝐀𝐧𝐢𝐦𝐞: 𝗕𝗹𝘂𝗲 𝗟𝗼𝗰𝗸,𝐑𝐚𝐫𝐢𝐭𝐲: 🪐 G𝗮𝗹𝗮𝘅𝘆,,,,GALAXY DATABASE,22018,2026-08-28T20:27:49.936378
83,,𝐍𝐚𝐦𝐞: 𝗙𝗶𝗿𝗲 𝗙𝗼𝗿𝗰𝗲,𝐀𝐧𝐢𝐦𝐞: 𝗙𝗶𝗿𝗲 𝗙𝗼𝗿𝗰𝗲,𝐑𝐚𝐫𝐢𝐭𝐲: 🪐 G𝗮𝗹𝗮𝘅𝘆,,,,GALAXY DATABASE,22020,2026-08-28T20:27:49.999613
84,,𝐍𝐚𝐦𝐞: 𝗕𝗹𝗮𝗰𝗸 𝗖𝗹𝗼𝘃𝗲𝗿,𝐀𝐧𝐢𝐦𝐞: 𝗕𝗹𝗮𝗰𝗸 𝗖𝗹𝗼𝘃𝗲𝗿,𝐑𝐚𝐫𝐢𝐭𝐲: 🌌 𝗡𝗲𝗯𝘂𝗹𝗮,,,,GALAXY DATABASE,22021,2026-08-28T20:27:50.076279
85,,𝐍𝐚𝐦𝐞: 𝗕𝗹𝗮𝗰𝗸 𝗖𝗹𝗼𝘃𝗲𝗿,𝐀𝐧𝐢𝐦𝐞: 𝗕𝗹𝗮𝗰𝗸 𝗖𝗹𝗼𝘃𝗲𝗿,𝐑𝐚𝐫𝐢𝐭𝐲: ✨ 𝗔𝘀𝘁𝗿𝗮𝗹,,,,GALAXY DATABASE,22022,2026-08-28T20:27:50.138464
86,,𝐍𝐚𝐦𝐞: 𝗦𝗵𝗶𝗻𝗿𝗮 𝗞𝘂𝘀𝗮𝗸𝗮𝗯𝗲,𝐀𝐧𝐢𝐦𝐞: 𝗙𝗶𝗿𝗲 𝗙𝗼𝗿𝗰𝗲,𝐑𝐚𝐫𝐢𝐭𝐲: 🪐 G𝗮𝗹𝗮𝘅𝘆,,,,GALAXY DATABASE,22023,2026-08-28T20:27:50.201348
87,,𝐍𝐚𝐦𝐞: 𝗥𝗲𝘇𝗲 𝗔𝗻𝗱 𝗗𝗲𝗻𝗷𝗶,𝐀𝐧𝐢𝐦𝐞: 𝗖𝗵𝗮𝗶𝗻𝘀𝗮𝘄 𝗠𝗮𝗻,𝐑𝐚𝐫𝐢𝐭𝐲: ✨ 𝗔𝘀𝘁𝗿𝗮𝗹,,,,GALAXY DATABASE,22024,2026-08-28T20:27:50.263804
88,,𝐍𝐚𝐦𝐞: 𝗖𝗵𝗮𝗶𝗻𝘀𝗮𝘄 𝗠𝗮𝗻,𝐀𝐧𝐢𝐦𝐞: 𝗖𝗵𝗮𝗶𝗻𝘀𝗮𝘄 𝗠𝗮𝗻,𝐑𝐚𝐫𝐢𝐭𝐲: 🌌 𝗡𝗲𝗯𝘂𝗹𝗮,,,,GALAXY DATABASE,22025,2026-08-28T20:27:50.326883
89,,𝐍𝐚𝐦𝐞: 𝗥𝗲𝘇𝗲 𝗔𝗻𝗱 𝗗𝗲𝗻𝗷𝗶,𝐀𝐧𝐢𝐦𝐞: 𝗖𝗵𝗮𝗶𝗻𝘀𝗮𝘄 𝗠𝗮𝗻,𝐑𝐚𝐫𝐢𝐭𝐲: 🌌 𝗡𝗲𝗯𝘂𝗹𝗮,,,,GALAXY DATABASE,22026,2026-08-28T20:27:50.405542
90,,𝐍𝐚𝐦𝐞: 𝗕𝗿𝗮𝗱𝗹𝗲𝘆 𝗣𝗶𝘁𝘁,𝐀𝐧𝐢𝐦𝐞: 𝗕𝗿𝗮𝗱𝗹𝗲𝘆 𝗣𝗶𝘁𝘁,𝐑𝐚𝐫𝐢𝐭𝐲: ✨ 𝗔𝘀𝘁𝗿𝗮𝗹,,,,GALAXY DATABASE,22027,2026-08-28T20:27:50.469013
91,,𝐍𝐚𝐦𝐞: 𝗧𝘆𝗹𝗲𝗿 𝗗𝘂𝗿𝗱𝗲𝗻 𝗔𝗻𝗱 𝗦𝗼𝗻𝗻𝘆 𝗛𝗮𝘆𝗲𝘀,𝐀𝐧𝐢𝐦𝐞: 𝗙𝗶𝗴𝗵𝘁 𝗖𝗹𝘂𝗯 𝗔𝗻𝗱 𝗙1,𝐑𝐚𝐫𝐢𝐭𝐲: ✨ 𝗔𝘀𝘁𝗿𝗮𝗹,,,,GALAXY DATABASE,22028,2026-08-28T20:27:50.531570
92,,𝐍𝐚𝐦𝐞: 𝗞𝗶𝗹𝗹𝘂𝗮 𝗭𝗼𝗹𝗱𝘆𝗰𝗸 𝗔𝗻𝗱 G𝗼𝗻 𝗙𝗿𝗲𝗲𝗰𝘀𝘀,𝐀𝐧𝐢𝐦𝐞: 𝗛𝘂𝗻𝘁𝗲𝗿 X 𝗛𝘂𝗻𝘁𝗲𝗿,𝐑𝐚𝐫𝐢𝐭𝐲: 🪐 G𝗮𝗹𝗮𝘅𝘆,,,,GALAXY DATABASE,22029,2026-08-28T20:27:50.593951
93,,𝐍𝐚𝐦𝐞: 𝗬𝗲𝗹𝗮𝗻,𝐀𝐧𝐢𝐦𝐞: G𝗲𝗻𝘀𝗵𝗶𝗻 𝗜𝗺𝗽𝗮𝗰𝘁,𝐑𝐚𝐫𝐢𝐭𝐲: 🌌 𝗡𝗲𝗯𝘂𝗹𝗮,,,,GALAXY DATABASE,22030,2026-08-28T20:27:50.654841
94,,𝐍𝐚𝐦𝐞: 𝗡𝗮𝘃𝗶𝗮,𝐀𝐧𝐢𝐦𝐞: G𝗲𝗻𝘀𝗵𝗶𝗻 𝗜𝗺𝗽𝗮𝗰𝘁,𝐑𝐚𝐫𝐢𝐭𝐲: ✨ 𝗔𝘀𝘁𝗿𝗮𝗹,,,,GALAXY DATABASE,22031,2026-08-28T20:27:50.718511
95,,𝐍𝐚𝐦𝐞: 𝗬𝗮𝗲 𝗠𝗶𝗸𝗼,𝐀𝐧𝐢𝐦𝐞: G𝗲𝗻𝘀𝗵𝗶𝗻 𝗜𝗺𝗽𝗮𝗰𝘁,𝐑𝐚𝐫𝐢𝐭𝐲: ✨ 𝗔𝘀𝘁𝗿𝗮𝗹,,,,GALAXY DATABASE,22032,2026-08-28T20:27:50.796043
96,,𝐍𝐚𝐦𝐞: 𝗖𝗼𝗹𝘂𝗺𝗯𝗶𝗻𝗮 𝗛𝘆𝗽𝗼𝘀𝗲𝗹𝗲𝗻𝗶𝗮,𝐀𝐧𝐢𝐦𝐞: G𝗲𝗻𝘀𝗵𝗶𝗻 𝗜𝗺𝗽𝗮𝗰𝘁,𝐑𝐚𝐫𝐢𝐭𝐲: 🌌 𝗡𝗲𝗯𝘂𝗹𝗮,,,,GALAXY DATABASE,22033,2026-08-28T20:27:50.873233
97,,𝐍𝐚𝐦𝐞: 𝗔𝗲𝘁𝗵𝗲𝗿 𝗔𝗻𝗱 𝗖𝗼𝗹𝘂𝗺𝗯𝗶𝗻𝗮 𝗛𝘆𝗽𝗼𝘀𝗲𝗹𝗲𝗻𝗶𝗮 𝗩𝘀 𝗗𝗼𝘁𝘁𝗼𝗿𝗲,𝐀𝐧𝐢𝐦𝐞: G𝗲𝗻𝘀𝗵𝗶𝗻 𝗜𝗺𝗽𝗮𝗰𝘁,𝐑𝐚𝐫𝐢𝐭𝐲: 🪐 G𝗮𝗹𝗮𝘅𝘆,,,,GALAXY DATABASE,22034,2026-08-28T20:27:50.935174
98,,𝐍𝐚𝐦𝐞: G𝗲𝗻𝘀𝗵𝗶𝗻 𝗜𝗺𝗽𝗮𝗰𝘁,𝐀𝐧𝐢𝐦𝐞: G𝗲𝗻𝘀𝗵𝗶𝗻 𝗜𝗺𝗽𝗮𝗰𝘁,𝐑𝐚𝐫𝐢𝐭𝐲: ✨ 𝗔𝘀𝘁𝗿𝗮𝗹,,,,GALAXY DATABASE,22035,2026-08-28T20:27:50.998778
99,,𝐍𝐚𝐦𝐞: 𝗦𝗲𝗶𝘀𝗵𝗶𝗿𝗼 𝗡𝗮𝗴𝗶,𝐀𝐧𝐢𝐦𝐞: 𝗕𝗹𝘂𝗲 𝗟𝗼𝗰𝗸,𝐑𝐚𝐫𝐢𝐭𝐲: ✨ 𝗔𝘀𝘁𝗿𝗮𝗹,,,,GALAXY DATABASE,22036,2026-08-28T20:27:51.061461
100,,𝐍𝐚𝐦𝐞: 𝗯𝗹𝘂𝗲 𝗟𝗼𝗰𝗸 𝗔𝗻𝗱 𝗙𝗼𝗼𝘁𝗯𝗮𝗹𝗹,𝐀𝐧𝐢𝐦𝐞: 𝗕𝗹𝘂𝗲 𝗟𝗼𝗰𝗸 𝗔𝗻𝗱 𝗙𝗼𝗼𝘁𝗯𝗮𝗹𝗹,𝐑𝐚𝐫𝐢𝐭𝐲: ✨ 𝗔𝘀𝘁𝗿𝗮𝗹,,,,GALAXY DATABASE,22037,2026-08-28T20:27:51.126195
101,,𝐍𝐚𝐦𝐞: 𝗜𝘀𝗮𝗴𝗶 𝗬𝗼𝗶𝗰𝗵𝗶 𝗔𝗻𝗱 𝗜𝘁𝗼𝘀𝗵𝗶 𝗥𝗶𝗻,𝐀𝐧𝐢𝐦𝐞: 𝗕𝗹𝘂𝗲 𝗟𝗼𝗰𝗸,𝐑𝐚𝐫𝐢𝐭𝐲: 🪐 G𝗮𝗹𝗮𝘅𝘆,,,,GALAXY DATABASE,22038,2026-08-28T20:27:51.567991
102,,𝐍𝐚𝐦𝐞: 𝗞𝗲𝗻 𝗧𝗮𝗸𝗮𝗸𝘂𝗿𝗮 𝗔𝗻𝗱 𝗦𝗵𝗮𝗱𝗼𝘄,𝐀𝐧𝐢𝐦𝐞: 𝗗𝗮𝗻𝗱𝗮𝗱𝗮𝗻,𝐑𝐚𝐫𝐢𝐭𝐲: 🪐 G𝗮𝗹𝗮𝘅𝘆,,,,GALAXY DATABASE,22039,2026-08-28T20:27:51.639487
103,,𝐍𝐚𝐦𝐞: 𝗗𝗮𝗻𝗱𝗮𝗱𝗮𝗻,𝐀𝐧𝐢𝐦𝐞: 𝗗𝗮𝗻𝗱𝗮𝗱𝗮𝗻,𝐑𝐚𝐫𝐢𝐭𝐲: 🌌 𝗡𝗲𝗯𝘂𝗹𝗮,,,,GALAXY DATABASE,22040,2026-08-28T20:27:51.702251
104,,𝐍𝐚𝐦𝐞: 𝗗𝗮𝗻𝗱𝗮𝗱𝗮𝗻,𝐀𝐧𝐢𝐦𝐞: 𝗗𝗮𝗻𝗱𝗮𝗱𝗮𝗻,𝐑𝐚𝐫𝐢𝐭𝐲: ✨ 𝗔𝘀𝘁𝗿𝗮𝗹,,,,GALAXY DATABASE,22041,2026-08-28T20:27:51.763910
105,,𝐍𝐚𝐦𝐞: 𝗞𝗲𝗻 𝗧𝗮𝗸𝗮𝗸𝘂𝗿𝗮,𝐀𝐧𝐢𝐦𝐞: 𝗗𝗮𝗻𝗱𝗮𝗱𝗮𝗻,𝐑𝐚𝐫𝐢𝐭𝐲: ✨ 𝗔𝘀𝘁𝗿𝗮𝗹,,,,GALAXY DATABASE,22042,2026-08-28T20:27:51.825442
106,,𝐍𝐚𝐦𝐞: 𝗞𝗲𝗻 𝗧𝗮𝗸𝗮𝗸𝘂𝗿𝗮,𝐀𝐧𝐢𝐦𝐞: 𝗗𝗮𝗻𝗱𝗮𝗱𝗮𝗻,𝐑𝐚𝐫𝐢𝐭𝐲: 🌌 𝗡𝗲𝗯𝘂𝗹𝗮,,,,GALAXY DATABASE,22043,2026-08-28T20:27:51.887776
107,,𝐍𝐚𝐦𝐞: 𝗘𝘃𝗶𝗹 𝗘𝘆𝗲,𝐀𝐧𝐢𝐦𝐞: 𝗗𝗮𝗻𝗱𝗮𝗱𝗮𝗻,𝐑𝐚𝐫𝐢𝐭𝐲: 🌌 𝗡𝗲𝗯𝘂𝗹𝗮,,,,GALAXY DATABASE,22044,2026-08-28T20:27:51.950787
108,,𝐍𝐚𝐦𝐞: 𝗗𝗮𝗻𝗱𝗮𝗱𝗮𝗻,𝐀𝐧𝐢𝐦𝐞: 𝗗𝗮𝗻𝗱𝗮𝗱𝗮𝗻,𝐑𝐚𝐫𝐢𝐭𝐲: 🪐 G𝗮𝗹𝗮𝘅𝘆,,,,GALAXY DATABASE,22045,2026-08-28T20:27:52.028095
109,,𝐍𝐚𝐦𝐞: 𝗘𝘃𝗶𝗹 𝗘𝘆𝗲,𝐀𝐧𝐢𝐦𝐞: 𝗗𝗮𝗻𝗱𝗮𝗱𝗮𝗻,𝐑𝐚𝐫𝐢𝐭𝐲: ✨ 𝗔𝘀𝘁𝗿𝗮𝗹,,,,GALAXY DATABASE,22046,2026-08-28T20:27:52.090423
110,,𝐍𝐚𝐦𝐞: 𝗠𝗼𝗺𝗼 𝗔𝘆𝗮𝘀𝗲,𝐀𝐧𝐢𝐦𝐞: 𝗗𝗮𝗻𝗱𝗮𝗱𝗮𝗻,𝐑𝐚𝐫𝐢𝐭𝐲: ✨ 𝗔𝘀𝘁𝗿𝗮𝗹,,,,GALAXY DATABASE,22047,2026-08-28T20:27:52.153899
111,,𝐍𝐚𝐦𝐞: 𝗠𝗼𝗺𝗼 𝗔𝘆𝗮𝘀𝗲,𝐀𝐧𝐢𝐦𝐞: 𝗗𝗮𝗻𝗱𝗮𝗱𝗮𝗻,𝐑𝐚𝐫𝐢𝐭𝐲: 🌌 𝗡𝗲𝗯𝘂𝗹𝗮,,,,GALAXY DATABASE,22048,2026-08-28T20:27:52.215460
112,,𝐍𝐚𝐦𝐞: 𝗦𝗵𝗶𝗻𝗺𝗼𝗻 𝗕𝗲𝗻𝗶𝗺𝗮𝗿𝘂,𝐀𝐧𝐢𝐦𝐞: 𝗙𝗶𝗿𝗲 𝗙𝗼𝗿𝗰𝗲,𝐑𝐚𝐫𝐢𝐭𝐲: 🌌 𝗡𝗲𝗯𝘂𝗹𝗮,,,,GALAXY DATABASE,22049,2026-08-28T20:27:52.278652
113,,𝐍𝐚𝐦𝐞: 𝗦𝗵𝗶𝗻𝗺𝗼𝗻 𝗕𝗲𝗻𝗶𝗺𝗮𝗿𝘂,𝐀𝐧𝐢𝐦𝐞: 𝗙𝗶𝗿𝗲 𝗙𝗼𝗿𝗰𝗲,𝐑𝐚𝐫𝐢𝐭𝐲: 🪐 G𝗮𝗹𝗮𝘅𝘆,,,,GALAXY DATABASE,22050,2026-08-28T20:27:52.341762
114,,𝐍𝐚𝐦𝐞: 𝗦𝗵𝗶𝗻𝗿𝗮 𝗞𝘂𝘀𝗮𝗸𝗮𝗯𝗲,𝐀𝐧𝐢𝐦𝐞: 𝗙𝗶𝗿𝗲 𝗙𝗼𝗿𝗰𝗲,𝐑𝐚𝐫𝐢𝐭𝐲: ✨ 𝗔𝘀𝘁𝗿𝗮𝗹,,,,GALAXY DATABASE,22051,2026-08-28T20:27:52.404931
115,,𝐍𝐚𝐦𝐞: 𝗙𝗶𝗿𝗲 𝗙𝗼𝗿𝗰𝗲,𝐀𝐧𝐢𝐦𝐞: 𝗙𝗶𝗿𝗲 𝗙𝗼𝗿𝗰𝗲,𝐑𝐚𝐫𝐢𝐭𝐲: 🌌 𝗡𝗲𝗯𝘂𝗹𝗮,,,,GALAXY DATABASE,22052,2026-08-28T20:27:52.466591
116,,𝐍𝐚𝐦𝐞: 𝗙𝗶𝗿𝗲 𝗙𝗼𝗿𝗰𝗲,𝐀𝐧𝐢𝐦𝐞: 𝗙𝗶𝗿𝗲 𝗙𝗼𝗿𝗰𝗲,𝐑𝐚𝐫𝐢𝐭𝐲: ✨ 𝗔𝘀𝘁𝗿𝗮𝗹,,,,GALAXY DATABASE,22053,2026-08-28T20:27:52.529861
117,,𝐍𝐚𝐦𝐞: 𝗦𝗵𝗶𝗻𝗿𝗮 𝗞𝘂𝘀𝗮𝗸𝗮𝗯𝗲,𝐀𝐧𝐢𝐦𝐞: 𝗙𝗶𝗿𝗲 𝗙𝗼𝗿𝗰𝗲,𝐑𝐚𝐫𝐢𝐭𝐲: 🌌 𝗡𝗲𝗯𝘂𝗹𝗮,,,,GALAXY DATABASE,22054,2026-08-28T20:27:52.593507
118,,𝐍𝐚𝐦𝐞: 𝗢𝗻𝗲 𝗣𝗶𝗲𝗰𝗲,𝐀𝐧𝐢𝐦𝐞: 𝗢𝗻𝗲 𝗣𝗶𝗲𝗰𝗲,𝐑𝐚𝐫𝐢𝐭𝐲: 🪐 G𝗮𝗹𝗮𝘅𝘆,,,,GALAXY DATABASE,22055,2026-08-28T20:27:52.669948
119,,𝐍𝐚𝐦𝐞: 𝗠𝗼𝗻𝗸𝗲𝘆 𝗗. 𝗟𝘂𝗳𝗳𝘆,𝐀𝐧𝐢𝐦𝐞: 𝗢𝗻𝗲 𝗣𝗶𝗲𝗰𝗲,𝐑𝐚𝐫𝐢𝐭𝐲: 🪐 G𝗮𝗹𝗮𝘅𝘆,,,,GALAXY DATABASE,22056,2026-08-28T20:27:52.731574
120,,𝐍𝐚𝐦𝐞: 𝗥𝗼𝗿𝗼𝗻𝗼𝗮 𝗭𝗼𝗿𝗼,𝐀𝐧𝐢𝐦𝐞: 𝗢𝗻𝗲 𝗣𝗶𝗲𝗰𝗲,𝐑𝐚𝐫𝐢𝐭𝐲: 🌌 𝗡𝗲𝗯𝘂𝗹𝗮,,,,GALAXY DATABASE,22057,2026-08-28T20:27:52.794571
121,,𝐍𝐚𝐦𝐞: 𝗩𝗶𝗻𝘀𝗺𝗼𝗸𝗲 𝗦𝗮𝗻𝗷𝗶,𝐀𝐧𝐢𝐦𝐞: 𝗢𝗻𝗲 𝗣𝗶𝗲𝗰𝗲,𝐑𝐚𝐫𝐢𝐭𝐲: ✨ 𝗔𝘀𝘁𝗿𝗮𝗹,,,,GALAXY DATABASE,22058,2026-08-28T20:27:52.856703
122,,𝐍𝐚𝐦𝐞: 𝗥𝗼𝗿𝗼𝗻𝗼𝗮 𝗭𝗼𝗿𝗼,𝐀𝐧𝐢𝐦𝐞: 𝗢𝗻𝗲 𝗣𝗶𝗲𝗰𝗲,𝐑𝐚𝐫𝐢𝐭𝐲: 🪐 G𝗮𝗹𝗮𝘅𝘆,,,,GALAXY DATABASE,22059,2026-08-28T20:27:52.920462
123,,𝐍𝐚𝐦𝐞: 𝗢𝗻𝗲 𝗣𝗶𝗲𝗰𝗲,𝐀𝐧𝐢𝐦𝐞: 𝗢𝗻𝗲 𝗣𝗶𝗲𝗰𝗲,𝐑𝐚𝐫𝐢𝐭𝐲: ✨ 𝗔𝘀𝘁𝗿𝗮𝗹,,,,GALAXY DATABASE,22060,2026-08-28T20:27:52.983042
124,,𝐍𝐚𝐦𝐞: 𝗢𝗻𝗲 𝗣𝗶𝗲𝗰𝗲,𝐀𝐧𝐢𝐦𝐞: 𝗢𝗻𝗲 𝗣𝗶𝗲𝗰𝗲,𝐑𝐚𝐫𝐢𝐭𝐲: 🌌 𝗡𝗲𝗯𝘂𝗹𝗮,,,,GALAXY DATABASE,22061,2026-08-28T20:27:53.044930
125,,𝐍𝐚𝐦𝐞: 𝗜𝘇𝘂𝗸𝘂 𝗠𝗶𝗱𝗼𝗿𝗶𝘆𝗮,𝐀𝐧𝐢𝐦𝐞: 𝗠𝘆 𝗛𝗲𝗿𝗼 𝗔𝗰𝗮𝗱𝗲𝗺𝗶𝗮,𝐑𝐚𝐫𝐢𝐭𝐲: 🪐 G𝗮𝗹𝗮𝘅𝘆,,,,GALAXY DATABASE,22062,2026-08-28T20:27:53.107159
126,,𝐍𝐚𝐦𝐞: 𝗗𝗮𝗯𝗶 ( 𝗧𝗼𝘂𝘆𝗮 𝗧𝗼𝗱𝗼𝗿𝗼𝗸𝗶 ),𝐀𝐧𝐢𝐦𝐞: 𝗠𝘆 𝗛𝗲𝗿𝗼 𝗔𝗰𝗮𝗱𝗲𝗺𝗶𝗮,𝐑𝐚𝐫𝐢𝐭𝐲: 🪐 G𝗮𝗹𝗮𝘅𝘆,,,,GALAXY DATABASE,22063,2026-08-28T20:27:53.169478
127,,𝐍𝐚𝐦𝐞: 𝗗𝗮𝗯𝗶 ( 𝗧𝗼𝘂𝘆𝗮 𝗧𝗼𝗱𝗼𝗿𝗼𝗸𝗶 ) 𝗔𝗻𝗱 𝗦𝗵𝗼𝘁𝗼 𝗧𝗼𝗱𝗼𝗿𝗼𝗸𝗶,𝐀𝐧𝐢𝐦𝐞: 𝗠𝘆 𝗛𝗲𝗿𝗼 𝗔𝗰𝗮𝗱𝗲𝗺𝗶𝗮,𝐑𝐚𝐫𝐢𝐭𝐲: ✨ 𝗔𝘀𝘁𝗿𝗮𝗹,,,,GALAXY DATABASE,22064,2026-08-28T20:27:53.231668
128,,𝐍𝐚𝐦𝐞: 𝗗𝗮𝗯𝗶 ( 𝗧𝗼𝘂𝘆𝗮 𝗧𝗼𝗱𝗼𝗿𝗼𝗸𝗶 ),𝐀𝐧𝐢𝐦𝐞: 𝗠𝘆 𝗛𝗲𝗿𝗼 𝗔𝗰𝗮𝗱𝗲𝗺𝗶𝗮,𝐑𝐚𝐫𝐢𝐭𝐲: 🌌 𝗡𝗲𝗯𝘂𝗹𝗮,,,,GALAXY DATABASE,22065,2026-08-28T20:27:53.294437
129,,𝐍𝐚𝐦𝐞: 𝗦𝗮𝘂𝗹 G𝗼𝗼𝗱𝗺𝗮𝗻,𝐀𝐧𝐢𝐦𝐞: 𝗕𝗲𝘁𝘁𝗲𝗿 𝗖𝗮𝗹𝗹 𝗦𝗮𝘂𝗹,𝐑𝐚𝐫𝐢𝐭𝐲: 🌌 𝗡𝗲𝗯𝘂𝗹𝗮,,,,GALAXY DATABASE,22066,2026-08-28T20:27:53.356196
130,,𝐍𝐚𝐦𝐞: 𝗔𝗻𝗶𝗺𝗲 𝗔𝗻𝗱 𝗠𝗶𝗸𝘂,𝐀𝐧𝐢𝐦𝐞: 𝗔𝗻𝗶𝗺𝗲,𝐑𝐚𝐫𝐢𝐭𝐲: 🪐 G𝗮𝗹𝗮𝘅𝘆,,,,GALAXY DATABASE,22067,2026-08-28T20:27:53.418837
131,,𝐍𝐚𝐦𝐞: 𝗠𝘆 𝗛𝗲𝗿𝗼 𝗔𝗰𝗮𝗱𝗲𝗺𝗶𝗮,𝐀𝐧𝐢𝐦𝐞: 𝗠𝘆 𝗛𝗲𝗿𝗼 𝗔𝗰𝗮𝗱𝗲𝗺𝗶𝗮,𝐑𝐚𝐫𝐢𝐭𝐲: 🌌 𝗡𝗲𝗯𝘂𝗹𝗮,,,,GALAXY DATABASE,22068,2026-08-28T20:27:53.483669
132,,𝐍𝐚𝐦𝐞: 𝗠𝘆 𝗛𝗲𝗿𝗼 𝗔𝗰𝗮𝗱𝗲𝗺𝗶𝗮,𝐀𝐧𝐢𝐦𝐞: 𝗠𝘆 𝗛𝗲𝗿𝗼 𝗔𝗰𝗮𝗱𝗲𝗺𝗶𝗮,𝐑𝐚𝐫𝐢𝐭𝐲: ✨ 𝗔𝘀𝘁𝗿𝗮𝗹,,,,GALAXY DATABASE,22069,2026-08-28T20:27:53.546518
133,,𝐍𝐚𝐦𝐞: 𝗧𝘆𝗹𝗲𝗿 𝗗𝘂𝗿𝗱𝗲𝗻,𝐀𝐧𝐢𝐦𝐞: 𝗙𝗶𝗴𝗵𝘁 𝗖𝗹𝘂𝗯,𝐑𝐚𝐫𝐢𝐭𝐲: 🌌 𝗡𝗲𝗯𝘂𝗹𝗮,,,,GALAXY DATABASE,22070,2026-08-28T20:27:53.608127
134,,𝐍𝐚𝐦𝐞: 𝗡𝗮𝘁𝘀𝘂𝗸𝗶 𝗦𝘂𝗯𝗮𝗿𝘂,𝐀𝐧𝐢𝐦𝐞: 𝗥𝗲:𝘇𝗲𝗿𝗼,𝐑𝐚𝐫𝐢𝐭𝐲: ✨ 𝗔𝘀𝘁𝗿𝗮𝗹,,,,GALAXY DATABASE,22071,2026-08-28T20:27:53.686026
135,,𝐍𝐚𝐦𝐞: 𝗡𝗮𝘁𝘀𝘂𝗸𝗶 𝗦𝘂𝗯𝗮𝗿𝘂,𝐀𝐧𝐢𝐦𝐞: 𝗥𝗲:𝘇𝗲𝗿𝗼,𝐑𝐚𝐫𝐢𝐭𝐲: 🪐 G𝗮𝗹𝗮𝘅𝘆,,,,GALAXY DATABASE,22072,2026-08-28T20:27:53.748028
136,,𝐍𝐚𝐦𝐞: 𝗡𝗮𝘁𝘀𝘂𝗸𝗶 𝗦𝘂𝗯𝗮𝗿𝘂,𝐀𝐧𝐢𝐦𝐞: 𝗥𝗲:𝘇𝗲𝗿𝗼,𝐑𝐚𝐫𝐢𝐭𝐲: 🌌 𝗡𝗲𝗯𝘂𝗹𝗮,,,,GALAXY DATABASE,22073,2026-08-28T20:27:53.810172
137,,𝐍𝐚𝐦𝐞: 𝗘𝗺𝗶𝗹𝗶𝗮,𝐀𝐧𝐢𝐦𝐞: 𝗥𝗲:𝘇𝗲𝗿𝗼,𝐑𝐚𝐫𝐢𝐭𝐲: ✨ 𝗔𝘀𝘁𝗿𝗮𝗹,,,,GALAXY DATABASE,22074,2026-08-28T20:27:53.871884
138,,𝐍𝐚𝐦𝐞: 𝗥𝗲𝗺,𝐀𝐧𝐢𝐦𝐞: 𝗥𝗲:𝘇𝗲𝗿𝗼,𝐑𝐚𝐫𝐢𝐭𝐲: 🌌 𝗡𝗲𝗯𝘂𝗹𝗮,,,,GALAXY DATABASE,22076,2026-08-28T20:27:53.934312
139,,𝐍𝐚𝐦𝐞: 𝗥𝗲𝗺,𝐀𝐧𝐢𝐦𝐞: 𝗥𝗲:𝘇𝗲𝗿𝗼,𝐑𝐚𝐫𝐢𝐭𝐲: ✨ 𝗔𝘀𝘁𝗿𝗮𝗹,,,,GALAXY DATABASE,22077,2026-08-28T20:27:54.011147
140,,𝐍𝐚𝐦𝐞: G𝗮𝗿𝗼𝘂,𝐀𝐧𝐢𝐦𝐞: 𝗢𝗻𝗲 𝗣𝘂𝗻𝗰𝗵 𝗠𝗮𝗻,𝐑𝐚𝐫𝐢𝐭𝐲: ✨ 𝗔𝘀𝘁𝗿𝗮𝗹,,,,GALAXY DATABASE,22078,2026-08-28T20:27:54.073733
141,,𝐍𝐚𝐦𝐞: 𝗢𝗻𝗲 𝗣𝘂𝗻𝗰𝗵 𝗠𝗮𝗻,𝐀𝐧𝐢𝐦𝐞: 𝗢𝗻𝗲 𝗣𝘂𝗻𝗰𝗵 𝗠𝗮𝗻,𝐑𝐚𝐫𝐢𝐭𝐲: ✨ 𝗔𝘀𝘁𝗿𝗮𝗹,,,,GALAXY DATABASE,22079,2026-08-28T20:27:54.135299
142,,𝐍𝐚𝐦𝐞: 𝗗𝗲𝗺𝗼𝗻 𝗖𝘆𝗯𝗼𝗿𝗴,𝐀𝐧𝐢𝐦𝐞: 𝗢𝗻𝗲 𝗣𝘂𝗻𝗰𝗵 𝗠𝗮𝗻,𝐑𝐚𝐫𝐢𝐭𝐲: 🌌 𝗡𝗲𝗯𝘂𝗹𝗮,,,,GALAXY DATABASE,22080,2026-08-28T20:27:54.212573
143,,𝐍𝐚𝐦𝐞: 𝗗𝗲𝗺𝗼𝗻 𝗖𝘆𝗯𝗼𝗿𝗴,𝐀𝐧𝐢𝐦𝐞: 𝗢𝗻𝗲 𝗣𝘂𝗻𝗰𝗵 𝗠𝗮𝗻,𝐑𝐚𝐫𝐢𝐭𝐲: 🌌 𝗡𝗲𝗯𝘂𝗹𝗮,,,,GALAXY DATABASE,22081,2026-08-28T20:27:54.275884
144,,𝐍𝐚𝐦𝐞: 𝗔𝗶𝘇𝗲𝗻 𝗦𝗼𝘀𝘂𝗸𝗲,𝐀𝐧𝐢𝐦𝐞: 𝗕𝗹𝗲𝗮𝗰𝗵,𝐑𝐚𝐫𝐢𝐭𝐲: 🌌 𝗡𝗲𝗯𝘂𝗹𝗮,,,,GALAXY DATABASE,22082,2026-08-28T20:27:54.337732
145,,𝐍𝐚𝐦𝐞: 𝗔𝗶𝘇𝗲𝗻 𝗦𝗼𝘀𝘂𝗸𝗲,𝐀𝐧𝐢𝐦𝐞: 𝗕𝗹𝗲𝗮𝗰𝗵,𝐑𝐚𝐫𝐢𝐭𝐲: ✨ 𝗔𝘀𝘁𝗿𝗮𝗹,,,,GALAXY DATABASE,22083,2026-08-28T20:27:54.415523
146,,𝐍𝐚𝐦𝐞: 𝗧𝗼𝘀𝗵𝗶𝗿𝗼 𝗛𝗶𝘆𝘀𝗮𝗴𝘂𝘆𝗮,𝐀𝐧𝐢𝐦𝐞: 𝗕𝗹𝗲𝗮𝗰𝗵,𝐑𝐚𝐫𝐢𝐭𝐲: 🌌 𝗡𝗲𝗯𝘂𝗹𝗮,,,,GALAXY DATABASE,22084,2026-08-28T20:27:54.494031
147,,𝐍𝐚𝐦𝐞: 𝗜𝗰𝗵𝗶𝗺𝗮𝗿𝘂 G𝗶𝗻,𝐀𝐧𝐢𝐦𝐞: 𝗕𝗹𝗲𝗮𝗰𝗵,𝐑𝐚𝐫𝐢𝐭𝐲: 🌌 𝗡𝗲𝗯𝘂𝗹𝗮,,,,GALAXY DATABASE,22085,2026-08-28T20:27:54.556252
148,,𝐍𝐚𝐦𝐞: 𝗙𝗿𝗶𝗲𝗿𝗲𝗻: 𝗕𝗲𝘆𝗼𝗻𝗱 𝗝𝗼𝘂𝗿𝗻𝗲𝘆'𝘀 𝗘𝗻𝗱,𝐀𝐧𝐢𝐦𝐞: 𝗙𝗿𝗶𝗲𝗿𝗲𝗻: 𝗕𝗲𝘆𝗼𝗻𝗱 𝗝𝗼𝘂𝗿𝗻𝗲𝘆'𝘀 𝗘𝗻𝗱,𝐑𝐚𝐫𝐢𝐭𝐲: 🪐 G𝗮𝗹𝗮𝘅𝘆,,,,GALAXY DATABASE,22086,2026-08-28T20:27:54.620576
149,,𝐍𝐚𝐦𝐞: 𝗜𝗰𝗵𝗶𝗴𝗼 𝗞𝘂𝗿𝗼𝘀𝗮𝗸𝗶,𝐀𝐧𝐢𝐦𝐞: 𝗕𝗹𝗲𝗮𝗰𝗵,𝐑𝐚𝐫𝐢𝐭𝐲: ✨ 𝗔𝘀𝘁𝗿𝗮𝗹,,,,GALAXY DATABASE,22087,2026-08-28T20:27:54.697494
150,,𝐍𝐚𝐦𝐞: 𝗦𝗵𝘂𝗻𝘀𝘂𝗶 𝗞𝘆𝗼𝗿𝗮𝗸𝘂,𝐀𝐧𝐢𝐦𝐞: 𝗕𝗹𝗲𝗮𝗰𝗵,𝐑𝐚𝐫𝐢𝐭𝐲: ✨ 𝗔𝘀𝘁𝗿𝗮𝗹,,,,GALAXY DATABASE,22088,2026-08-28T20:27:54.759840
151,,𝐍𝐚𝐦𝐞: G𝗿𝗶𝗺𝗺𝗷𝗼𝘄 𝗝𝗮𝗲𝗴𝗲𝗿𝗷𝗮𝗾𝘂𝗲𝘇,𝐀𝐧𝐢𝐦𝐞: 𝗕𝗹𝗲𝗮𝗰𝗵,𝐑𝐚𝐫𝐢𝐭𝐲: 🌌 𝗡𝗲𝗯𝘂𝗹𝗮,,,,GALAXY DATABASE,22089,2026-08-28T20:27:54.821160
152,,𝐍𝐚𝐦𝐞: 𝗨𝗹𝗾𝘂𝗶𝗼𝗿𝗿𝗮 𝗖𝗶𝗳𝗲𝗿 𝗩𝘀 𝗜𝗰𝗵𝗶𝗴𝗼 𝗞𝘂𝗿𝗼𝘀𝗮𝗸𝗶,𝐀𝐧𝐢𝐦𝐞: 𝗕𝗹𝗲𝗮𝗰𝗵,𝐑𝐚𝐫𝐢𝐭𝐲: 🪐 G𝗮𝗹𝗮𝘅𝘆,,,,GALAXY DATABASE,22090,2026-08-28T20:27:54.882419
153,,𝐍𝐚𝐦𝐞: 𝗙𝗿𝗶𝗲𝗿𝗲𝗻 𝗔𝗻𝗱 𝗛𝗶𝗺𝗺𝗲𝗹,𝐀𝐧𝐢𝐦𝐞: 𝗙𝗿𝗶𝗲𝗿𝗲𝗻: 𝗕𝗲𝘆𝗼𝗻𝗱 𝗝𝗼𝘂𝗿𝗻𝗲𝘆'𝘀 𝗘𝗻𝗱,𝐑𝐚𝐫𝐢𝐭𝐲: 🪐 G𝗮𝗹𝗮𝘅𝘆,,,,GALAXY DATABASE,22091,2026-08-28T20:27:54.945767
154,,𝐍𝐚𝐦𝐞: 𝗜𝗰𝗵𝗶𝗴𝗼 𝗞𝘂𝗿𝗼𝘀𝗮𝗸𝗶,𝐀𝐧𝐢𝐦𝐞: 𝗕𝗹𝗲𝗮𝗰𝗵,𝐑𝐚𝐫𝐢𝐭𝐲: 🌌 𝗡𝗲𝗯𝘂𝗹𝗮,,,,GALAXY DATABASE,22092,2026-08-28T20:27:55.023936
155,,𝐍𝐚𝐦𝐞: 𝗦𝗵𝗶𝗻𝗷𝗶 𝗛𝗶𝗿𝗮𝗸𝗼,𝐀𝐧𝐢𝐦𝐞: 𝗕𝗹𝗲𝗮𝗰𝗵,𝐑𝐚𝐫𝐢𝐭𝐲: 🌌 𝗡𝗲𝗯𝘂𝗹𝗮,,,,GALAXY DATABASE,22093,2026-08-28T20:27:55.086588
156,,𝐍𝐚𝐦𝐞: 𝗔𝗶𝘇𝗲𝗻 𝗦𝗼𝘀𝘂𝗸𝗲,𝐀𝐧𝐢𝐦𝐞: 𝗕𝗹𝗲𝗮𝗰𝗵,𝐑𝐚𝐫𝐢𝐭𝐲: 🪐 G𝗮𝗹𝗮𝘅𝘆,,,,GALAXY DATABASE,22094,2026-08-28T20:27:55.149103
157,,𝐍𝐚𝐦𝐞: 𝗙𝗿𝗶𝗲𝗿𝗲𝗻: 𝗕𝗲𝘆𝗼𝗻𝗱 𝗝𝗼𝘂𝗿𝗻𝗲𝘆'𝘀 𝗘𝗻𝗱,𝐀𝐧𝐢𝐦𝐞: 𝗙𝗿𝗶𝗲𝗿𝗲𝗻: 𝗕𝗲𝘆𝗼𝗻𝗱 𝗝𝗼𝘂𝗿𝗻𝗲𝘆'𝘀 𝗘𝗻𝗱,𝐑𝐚𝐫𝐢𝐭𝐲: 🌌 𝗡𝗲𝗯𝘂𝗹𝗮,,,,GALAXY DATABASE,22095,2026-08-28T20:27:55.211664
158,,𝐍𝐚𝐦𝐞: 𝗙𝗲𝗿𝗻,𝐀𝐧𝐢𝐦𝐞: 𝗙𝗿𝗶𝗲𝗿𝗲𝗻: 𝗕𝗲𝘆𝗼𝗻𝗱 𝗝𝗼𝘂𝗿𝗻𝗲𝘆'𝘀 𝗘𝗻𝗱,𝐑𝐚𝐫𝐢𝐭𝐲: 🪐 G𝗮𝗹𝗮𝘅𝘆,,,,GALAXY DATABASE,22096,2026-08-28T20:27:55.276157
159,,𝐍𝐚𝐦𝐞: 𝗕𝗹𝗮𝗰𝗸 G𝗼𝗸𝘂,𝐀𝐧𝐢𝐦𝐞: 𝗗𝗿𝗮𝗴𝗼𝗻 𝗕𝗮𝗹𝗹,𝐑𝐚𝐫𝐢𝐭𝐲: 🪐 G𝗮𝗹𝗮𝘅𝘆,,,,GALAXY DATABASE,22097,2026-08-28T20:27:55.353617
160,,𝐍𝐚𝐦𝐞: 𝗦𝗼𝗻 G𝗼𝗸𝘂,𝐀𝐧𝐢𝐦𝐞: 𝗗𝗿𝗮𝗴𝗼𝗻 𝗕𝗮𝗹𝗹,𝐑𝐚𝐫𝐢𝐭𝐲: 🪐 G𝗮𝗹𝗮𝘅𝘆,,,,GALAXY DATABASE,22098,2026-08-28T20:27:55.429839
161,,𝐍𝐚𝐦𝐞: 𝗦𝗼𝗻 G𝗼𝗸𝘂,𝐀𝐧𝐢𝐦𝐞: 𝗗𝗿𝗮𝗴𝗼𝗻 𝗕𝗮𝗹𝗹,𝐑𝐚𝐫𝐢𝐭𝐲: ✨ 𝗔𝘀𝘁𝗿𝗮𝗹,,,,GALAXY DATABASE,22099,2026-08-28T20:27:55.491623
162,,𝐍𝐚𝐦𝐞: G𝗼𝗴𝗲𝘁𝗮,𝐀𝐧𝐢𝐦𝐞: 𝗗𝗿𝗮𝗴𝗼𝗻 𝗕𝗮𝗹𝗹,𝐑𝐚𝐫𝐢𝐭𝐲: 🌌 𝗡𝗲𝗯𝘂𝗹𝗮,,,,GALAXY DATABASE,22100,2026-08-28T20:27:55.554803
163,,𝐍𝐚𝐦𝐞: 𝗩𝗲𝗴𝗶𝘁𝗼,𝐀𝐧𝐢𝐦𝐞: 𝗗𝗿𝗮𝗴𝗼𝗻 𝗕𝗮𝗹𝗹,𝐑𝐚𝐫𝐢𝐭𝐲: ✨ 𝗔𝘀𝘁𝗿𝗮𝗹,,,,GALAXY DATABASE,22101,2026-08-28T20:27:55.617444
164,,𝐍𝐚𝐦𝐞: 𝗕𝗹𝗮𝗰𝗸 G𝗼𝗸𝘂,𝐀𝐧𝐢𝐦𝐞: 𝗗𝗿𝗮𝗴𝗼𝗻 𝗕𝗮𝗹𝗹,𝐑𝐚𝐫𝐢𝐭𝐲: 🌌 𝗡𝗲𝗯𝘂𝗹𝗮,,,,GALAXY DATABASE,22102,2026-08-28T20:27:55.680239
165,,𝐍𝐚𝐦𝐞: G𝗶𝗹𝗴𝗮𝗺𝗲𝘀𝗵,𝐀𝐧𝐢𝐦𝐞: 𝗙𝗮𝘁𝗲 𝗦𝗲𝗿𝗶𝗲𝘀,𝐑𝐚𝐫𝐢𝐭𝐲: ✨ 𝗔𝘀𝘁𝗿𝗮𝗹,,,,GALAXY DATABASE,22103,2026-08-28T20:27:55.742776
166,,𝐍𝐚𝐦𝐞: 𝗥𝗶𝗱𝗲𝗿,𝐀𝐧𝐢𝐦𝐞: 𝗙𝗮𝘁𝗲 𝗦𝗲𝗿𝗶𝗲𝘀,𝐑𝐚𝐫𝐢𝐭𝐲: ✨ 𝗔𝘀𝘁𝗿𝗮𝗹,,,,GALAXY DATABASE,22104,2026-08-28T20:27:55.804343
167,,𝐍𝐚𝐦𝐞: G𝗶𝗹𝗴𝗮𝗺𝗲𝘀𝗵,𝐀𝐧𝐢𝐦𝐞: 𝗙𝗮𝘁𝗲 𝗦𝗲𝗿𝗶𝗲𝘀,𝐑𝐚𝐫𝐢𝐭𝐲: ✨ 𝗔𝘀𝘁𝗿𝗮𝗹,,,,GALAXY DATABASE,22105,2026-08-28T20:27:55.867897
168,,𝐍𝐚𝐦𝐞: 𝗔𝗿𝗰𝗵𝗲𝗿 𝗔𝗻𝗱 𝗥𝗶𝗻 𝗧𝗼𝗵𝘀𝗮𝗸𝗮,𝐀𝐧𝐢𝐦𝐞: 𝗙𝗮𝘁𝗲 𝗦𝗲𝗿𝗶𝗲𝘀,𝐑𝐚𝐫𝐢𝐭𝐲: ✨ 𝗔𝘀𝘁𝗿𝗮𝗹,,,,GALAXY DATABASE,22106,2026-08-28T20:27:55.929938
169,,𝐍𝐚𝐦𝐞: 𝗦𝗮𝗯𝗲𝗿,𝐀𝐧𝐢𝐦𝐞: 𝗙𝗮𝘁𝗲 𝗦𝗲𝗿𝗶𝗲𝘀,𝐑𝐚𝐫𝐢𝐭𝐲: 🌌 𝗡𝗲𝗯𝘂𝗹𝗮,,,,GALAXY DATABASE,22107,2026-08-28T20:27:55.992269
170,,𝐍𝐚𝐦𝐞: 𝗦𝗮𝗸𝘂𝗿𝗮 𝗠𝗮𝘁𝗼𝘂 𝗔𝗻𝗱 𝗦𝗵𝗶𝗿𝗼𝘂 𝗘𝗺𝗶𝘆𝗮,𝐀𝐧𝐢𝐦𝐞: 𝗙𝗮𝘁𝗲 𝗦𝗲𝗿𝗶𝗲𝘀,𝐑𝐚𝐫𝐢𝐭𝐲: 🌌 𝗡𝗲𝗯𝘂𝗹𝗮,,,,GALAXY DATABASE,22108,2026-08-28T20:27:56.055014
171,,𝐍𝐚𝐦𝐞: 𝗦𝘁𝗮𝗿𝗸,𝐀𝐧𝐢𝐦𝐞: 𝗙𝗿𝗶𝗲𝗿𝗲𝗻: 𝗕𝗲𝘆𝗼𝗻𝗱 𝗝𝗼𝘂𝗿𝗻𝗲𝘆'𝘀 𝗘𝗻𝗱,𝐑𝐚𝐫𝐢𝐭𝐲: 🪐 G𝗮𝗹𝗮𝘅𝘆,,,,GALAXY DATABASE,22109,2026-08-28T20:27:56.116758
172,,𝐍𝐚𝐦𝐞: 𝗗𝗮𝘃𝗶𝗱 𝗠𝗮𝗿𝘁𝗶𝗻𝗲𝘇 𝗔𝗻𝗱 𝗟𝘂𝗰𝘆𝗻𝗮 𝗞𝘂𝘀𝗵𝗶𝗻𝗮𝗱𝗮,𝐀𝐧𝐢𝐦𝐞: 𝗖𝘆𝗯𝗲𝗿𝗽𝘂𝗻𝗸 𝗘𝗱𝗴𝗲𝗿𝘂𝗻𝗻𝗲𝗿𝘀,𝐑𝐚𝐫𝐢𝐭𝐲: ✨ 𝗔𝘀𝘁𝗿𝗮𝗹,,,,GALAXY DATABASE,22110,2026-08-28T20:27:56.179318
173,,𝐍𝐚𝐦𝐞: 𝗗𝗮𝘃𝗶𝗱 𝗠𝗮𝗿𝘁𝗶𝗻𝗲𝘇 𝗔𝗻𝗱 𝗟𝘂𝗰𝘆𝗻𝗮 𝗞𝘂𝘀𝗵𝗶𝗻𝗮𝗱𝗮,𝐀𝐧𝐢𝐦𝐞: 𝗖𝘆𝗯𝗲𝗿𝗽𝘂𝗻𝗸 𝗘𝗱𝗴𝗲𝗿𝘂𝗻𝗻𝗲𝗿𝘀,𝐑𝐚𝐫𝐢𝐭𝐲: 🪐 G𝗮𝗹𝗮𝘅𝘆,,,,GALAXY DATABASE,22111,2026-08-28T20:27:56.242317
174,,𝐍𝐚𝐦𝐞: 𝗦𝗮𝘀𝗵𝗮 𝗬𝗮𝗸𝗼𝘃𝗲𝗹𝘃𝗮,𝐀𝐧𝐢𝐦𝐞: 𝗖𝘆𝗯𝗲𝗿𝗽𝘂𝗻𝗸 𝗘𝗱𝗴𝗲𝗿𝘂𝗻𝗻𝗲𝗿𝘀,𝐑𝐚𝐫𝐢𝐭𝐲: 🌌 𝗡𝗲𝗯𝘂𝗹𝗮,,,,GALAXY DATABASE,22112,2026-08-28T20:27:56.303768
175,,𝐍𝐚𝐦𝐞: 𝗪𝗮𝗹𝘁𝗲𝗿 𝗪𝗵𝗶𝘁𝗲,𝐀𝐧𝐢𝐦𝐞: 𝗕𝗿𝗲𝗮𝗸𝗶𝗻𝗴 𝗕𝗮𝗱,𝐑𝐚𝐫𝐢𝐭𝐲: ✨ 𝗔𝘀𝘁𝗿𝗮𝗹,,,,GALAXY DATABASE,22113,2026-08-28T20:27:56.365300
176,,𝐍𝐚𝐦𝐞: 𝗪𝗮𝗹𝘁𝗲𝗿 𝗪𝗵𝗶𝘁𝗲,𝐀𝐧𝐢𝐦𝐞: 𝗕𝗿𝗲𝗮𝗸𝗶𝗻𝗴 𝗕𝗮𝗱,𝐑𝐚𝐫𝐢𝐭𝐲: 🪐 G𝗮𝗹𝗮𝘅𝘆,,,,GALAXY DATABASE,22114,2026-08-28T20:27:56.426710
177,,𝐍𝐚𝐦𝐞: 𝗪𝗮𝗹𝘁𝗲𝗿 𝗪𝗵𝗶𝘁𝗲,𝐀𝐧𝐢𝐦𝐞: 𝗕𝗿𝗲𝗮𝗸𝗶𝗻𝗴 𝗕𝗮𝗱,𝐑𝐚𝐫𝐢𝐭𝐲: 🌌 𝗡𝗲𝗯𝘂𝗹𝗮,,,,GALAXY DATABASE,22115,2026-08-28T20:27:56.487989
178,,𝐍𝐚𝐦𝐞: 𝗝𝗲𝘀𝘀𝗲 𝗣𝗶𝗻𝗸𝗺𝗮𝗻,𝐀𝐧𝐢𝐦𝐞: 𝗕𝗿𝗲𝗮𝗸𝗶𝗻𝗴 𝗕𝗮𝗱,𝐑𝐚𝐫𝐢𝐭𝐲: 🪐 G𝗮𝗹𝗮𝘅𝘆,,,,GALAXY DATABASE,22116,2026-08-28T20:27:56.549771
179,,𝐍𝐚𝐦𝐞: 𝗝𝗲𝘀𝘀𝗲 𝗣𝗶𝗻𝗸𝗺𝗮𝗻,𝐀𝐧𝐢𝐦𝐞: 𝗕𝗿𝗲𝗮𝗸𝗶𝗻𝗴 𝗕𝗮𝗱,𝐑𝐚𝐫𝐢𝐭𝐲: 🌌 𝗡𝗲𝗯𝘂𝗹𝗮,,,,GALAXY DATABASE,22117,2026-08-28T20:27:56.612174
180,,𝐍𝐚𝐦𝐞: 𝗗𝗲𝘅𝘁𝗲𝗿 𝗠𝗼𝗿𝗴𝗮𝗻,𝐀𝐧𝐢𝐦𝐞: 𝗗𝗲𝘅𝘁𝗲𝗿,𝐑𝐚𝐫𝐢𝐭𝐲: ✨ 𝗔𝘀𝘁𝗿𝗮𝗹,,,,GALAXY DATABASE,22118,2026-08-28T20:27:56.674490
181,,𝐍𝐚𝐦𝐞: 𝗗𝗲𝘅𝘁𝗲𝗿 𝗠𝗼𝗿𝗴𝗮𝗻,𝐀𝐧𝐢𝐦𝐞: 𝗗𝗲𝘅𝘁𝗲𝗿,𝐑𝐚𝐫𝐢𝐭𝐲: 🌌 𝗡𝗲𝗯𝘂𝗹𝗮,,,,GALAXY DATABASE,22119,2026-08-28T20:27:56.736849
182,,𝐍𝐚𝐦𝐞: 𝗦𝗮𝘂𝗹 G𝗼𝗼𝗱𝗺𝗮𝗻,𝐀𝐧𝐢𝐦𝐞: 𝗕𝗲𝘁𝘁𝗲𝗿 𝗖𝗮𝗹𝗹 𝗦𝗮𝘂𝗹,𝐑𝐚𝐫𝐢𝐭𝐲: 🌌 𝗡𝗲𝗯𝘂𝗹𝗮,,,,GALAXY DATABASE,22120,2026-08-28T20:27:56.799730
183,,𝐍𝐚𝐦𝐞: 𝗢𝗻𝗲 𝗣𝗶𝗲𝗰𝗲,𝐀𝐧𝐢𝐦𝐞: 𝗢𝗻𝗲 𝗣𝗶𝗲𝗰𝗲,𝐑𝐚𝐫𝐢𝐭𝐲: 🪐 G𝗮𝗹𝗮𝘅𝘆,,,,GALAXY DATABASE,22121,2026-08-28T20:27:56.861928
184,,𝐍𝐚𝐦𝐞: 𝗬𝗮𝗺𝗮𝗱𝗮,𝐀𝐧𝐢𝐦𝐞: 𝗦𝗺𝗼𝗸𝗶𝗻𝗴 𝗕𝗲𝗵𝗶𝗻𝗱𝗲 𝗧𝗵𝗲 𝗦𝘂𝗽𝗲𝗿𝗺𝗮𝗿𝗸𝗲𝘁 𝗪𝗶𝘁𝗵 𝗬𝗼𝘂,𝐑𝐚𝐫𝐢𝐭𝐲: 🪐 G𝗮𝗹𝗮𝘅𝘆,,,,GALAXY DATABASE,22122,2026-08-28T20:27:56.924372
185,,𝐍𝐚𝐦𝐞: 𝗬𝗮𝗺𝗮𝗱𝗮,𝐀𝐧𝐢𝐦𝐞: 𝗦𝗺𝗼𝗸𝗶𝗻𝗴 𝗪𝗶𝘁𝗵 𝗬𝗼𝘂 𝗕𝗲𝗵𝗶𝗻𝗱𝗲 𝗧𝗵𝗲 𝗦𝘂𝗽𝗲𝗿𝗺𝗮𝗿𝗸𝗲𝘁,𝐑𝐚𝐫𝐢𝐭𝐲: ✨ 𝗔𝘀𝘁𝗿𝗮𝗹,,,,GALAXY DATABASE,22123,2026-08-28T20:27:57.003271
186,,𝐍𝐚𝐦𝐞: 𝗬𝗼𝗿𝗵𝗮 𝗡𝗼.2 𝗧𝘆𝗽𝗲 𝗕,𝐀𝐧𝐢𝐦𝐞: 𝗡𝗶𝗲𝗿:𝗮𝘂𝘁𝗼𝗺𝗮𝘁𝗮,𝐑𝐚𝐫𝐢𝐭𝐲: 🪐 G𝗮𝗹𝗮𝘅𝘆,,,,GALAXY DATABASE,22124,2026-08-28T20:27:57.063432
187,,𝐍𝐚𝐦𝐞: 𝗢𝘀𝗵𝗶 𝗡𝗼 𝗞𝗼,𝐀𝐧𝐢𝐦𝐞: 𝗢𝘀𝗵𝗶 𝗡𝗼 𝗞𝗼,𝐑𝐚𝐫𝐢𝐭𝐲: 🌌 𝗡𝗲𝗯𝘂𝗹𝗮,,,,GALAXY DATABASE,22125,2026-08-28T20:27:57.125850
188,,𝐍𝐚𝐦𝐞: 𝗠𝘂𝘀𝗵𝗼𝗸𝘂 𝗧𝗲𝗻𝘀𝗲𝗶 𝗝𝗼𝗯𝗹𝗲𝘀𝘀 𝗥𝗲𝗶𝗻𝗰𝗮𝗿𝗻𝗮𝘁𝗶𝗼𝗻,𝐀𝐧𝐢𝐦𝐞: 𝗠𝘂𝘀𝗵𝗼𝗸𝘂 𝗧𝗲𝗻𝘀𝗲𝗶 𝗝𝗼𝗯𝗹𝗲𝘀𝘀 𝗥𝗲𝗶𝗻𝗰𝗮𝗿𝗻𝗮𝘁𝗶𝗼𝗻,𝐑𝐚𝐫𝐢𝐭𝐲: 🪐 G𝗮𝗹𝗮𝘅𝘆,,,,GALAXY DATABASE,22126,2026-08-28T20:27:57.189952
189,,𝐍𝐚𝐦𝐞: 𝗖𝗵𝗮𝗶𝗻𝘀𝗮𝘄 𝗠𝗮𝗻,𝐀𝐧𝐢𝐦𝐞: 𝗖𝗵𝗮𝗶𝗻𝘀𝗮𝘄 𝗠𝗮𝗻,𝐑𝐚𝐫𝐢𝐭𝐲: ✨ 𝗔𝘀𝘁𝗿𝗮𝗹,,,,GALAXY DATABASE,22127,2026-08-28T20:27:57.251777
190,,𝐍𝐚𝐦𝐞: 𝗠𝗶𝗰𝗵𝗮𝗲𝗹 𝗝𝗮𝗰𝗸𝘀𝗼𝗻,𝐀𝐧𝐢𝐦𝐞: 𝗔𝗿𝘁𝗶𝘀𝘁,𝐑𝐚𝐫𝐢𝐭𝐲: ✨ 𝗔𝘀𝘁𝗿𝗮𝗹,,,,GALAXY DATABASE,22128,2026-08-28T20:27:57.314801
191,,𝐍𝐚𝐦𝐞: 𝗦𝘄𝗼𝗿𝗱 𝗔𝗿𝘁 𝗢𝗻𝗹𝗶𝗻𝗲,𝐀𝐧𝐢𝐦𝐞: 𝗦𝘄𝗼𝗿𝗱 𝗔𝗿𝘁 𝗢𝗻𝗹𝗶𝗻𝗲,𝐑𝐚𝐫𝐢𝐭𝐲: 🪐 G𝗮𝗹𝗮𝘅𝘆,,,,GALAXY DATABASE,22129,2026-08-28T20:27:57.377376
192,,𝐍𝐚𝐦𝐞: 𝗪𝗼𝗿𝗹𝗱 𝗖𝘂𝗽 X 𝗔𝗻𝗶𝗺𝗲,𝐀𝐧𝐢𝐦𝐞: 𝗠𝘂𝗹𝘁𝗶𝘃𝗲𝗿𝘀𝗲,𝐑𝐚𝐫𝐢𝐭𝐲: ✨ 𝗔𝘀𝘁𝗿𝗮𝗹,,,,GALAXY DATABASE,22130,2026-08-28T20:27:57.440019
193,,𝐍𝐚𝐦𝐞: 𝗗𝗲𝗺𝗼𝗻 𝗦𝗹𝗮𝘆𝗲𝗿,𝐀𝐧𝐢𝐦𝐞: 𝗗𝗲𝗺𝗼𝗻 𝗦𝗹𝗮𝘆𝗲𝗿,𝐑𝐚𝐫𝐢𝐭𝐲: 🪐 G𝗮𝗹𝗮𝘅𝘆,,,,GALAXY DATABASE,22131,2026-08-28T20:27:57.502569
194,,𝐍𝐚𝐦𝐞: 𝗖𝗵𝗶𝘀𝗮𝘁𝗼 𝗡𝗶𝘀𝗵𝗶𝗸𝗶𝗴𝗶 𝗔𝗻𝗱 𝗧𝗮𝗸𝗶𝗻𝗮 𝗜𝗻𝗼𝘂𝗲,𝐀𝐧𝐢𝐦𝐞: 𝗟𝘆𝗰𝗼𝗿𝗶𝘀 𝗥𝗲𝗰𝗼𝗶𝗹,𝐑𝐚𝐫𝐢𝐭𝐲: 🌌 𝗡𝗲𝗯𝘂𝗹𝗮,,,,GALAXY DATABASE,22132,2026-08-28T20:27:57.564333
195,,𝐍𝐚𝐦𝐞: 𝗦𝘆𝗹𝗽𝗵𝗶𝗲𝘁𝘁𝗲 G𝗿𝗲𝘆𝗿𝗮𝘁,𝐀𝐧𝐢𝐦𝐞: 𝗠𝘂𝘀𝗵𝗼𝗸𝘂 𝗧𝗲𝗻𝘀𝗲𝗶 𝗝𝗼𝗯𝗹𝗲𝘀𝘀 𝗥𝗲𝗶𝗻𝗰𝗮𝗿𝗻𝗮𝘁𝗶𝗼𝗻,𝐑𝐚𝐫𝐢𝐭𝐲: ✨ 𝗔𝘀𝘁𝗿𝗮𝗹,,,,GALAXY DATABASE,22133,2026-08-28T20:27:57.626956
196,,𝐍𝐚𝐦𝐞: 𝗭𝗲𝗿𝗼 𝗧𝘄𝗼,𝐀𝐧𝐢𝐦𝐞: 𝗗𝗮𝗿𝗹𝗶𝗻𝗴 𝗜𝗻 𝗧𝗵𝗲 𝗙𝗿𝗮𝗻𝘅𝘅𝘅,𝐑𝐚𝐫𝐢𝐭𝐲: 🌌 𝗡𝗲𝗯𝘂𝗹𝗮,,,,GALAXY DATABASE,22134,2026-08-28T20:27:57.689154
197,,𝐍𝐚𝐦𝐞: 𝗘𝗿𝗶𝘀 𝗕𝗼𝗿𝗲𝗮𝘀 G𝗿𝗲𝘆𝗿𝗮𝘁,𝐀𝐧𝐢𝐦𝐞: 𝗠𝘂𝘀𝗵𝗼𝗸𝘂 𝗧𝗲𝗻𝘀𝗲𝗶 𝗝𝗼𝗯𝗹𝗲𝘀𝘀 𝗥𝗲𝗶𝗻𝗰𝗮𝗿𝗻𝗮𝘁𝗶𝗼𝗻,𝐑𝐚𝐫𝐢𝐭𝐲: ✨ 𝗔𝘀𝘁𝗿𝗮𝗹,,,,GALAXY DATABASE,22135,2026-08-28T20:27:57.766585
198,,𝐍𝐚𝐦𝐞: 𝗬𝗮𝗺𝗮𝗱𝗮,𝐀𝐧𝐢𝐦𝐞: 𝗦𝗺𝗼𝗸𝗶𝗻𝗴 𝗪𝗶𝘁𝗵 𝗬𝗼𝘂 𝗕𝗲𝗵𝗶𝗻𝗱𝗲 𝗧𝗵𝗲 𝗦𝘂𝗽𝗲𝗿𝗺𝗮𝗿𝗸𝗲𝘁,𝐑𝐚𝐫𝐢𝐭𝐲: 🌌 𝗡𝗲𝗯𝘂𝗹𝗮,,,,GALAXY DATABASE,22136,2026-08-28T20:27:57.843574
199,,𝐍𝐚𝐦𝐞: 𝗬𝗼𝗿𝘂𝗶𝗰𝗵𝗶 𝗦𝗵𝗶𝗵𝗼𝘂𝗶𝗻,𝐀𝐧𝐢𝐦𝐞: 𝗕𝗹𝗲𝗮𝗰𝗵,𝐑𝐚𝐫𝐢𝐭𝐲: 🌌 𝗡𝗲𝗯𝘂𝗹𝗮,,,,GALAXY DATABASE,22137,2026-08-28T20:27:57.905793
200,,𝐍𝐚𝐦𝐞: 𝗡𝗮𝘇𝘂𝗻𝗮 𝗡𝗮𝗻𝗮𝗸𝘂𝘀𝗮,𝐀𝐧𝐢𝐦𝐞: 𝗖𝗮𝗹𝗹 𝗢𝗳 𝗧𝗵𝗲 𝗡𝗶𝗴𝗵𝘁,𝐑𝐚𝐫𝐢𝐭𝐲: 🪐 G𝗮𝗹𝗮𝘅𝘆,,,,GALAXY DATABASE,22138,2026-08-28T20:27:57.984232
201,,𝐍𝐚𝐦𝐞: 𝗕𝗼𝗿𝘂𝘁𝗼 𝗨𝘇𝘂𝗺𝗮𝗸𝗶,𝐀𝐧𝐢𝐦𝐞: 𝗡𝗮𝗿𝘂𝘁𝗼/𝗯𝗼𝗿𝘂𝘁𝗼,𝐑𝐚𝐫𝐢𝐭𝐲: ✨ 𝗔𝘀𝘁𝗿𝗮𝗹,,,,GALAXY DATABASE,22139,2026-08-28T20:27:58.350206
202,,𝐍𝐚𝐦𝐞: 𝗠𝗮𝗸𝗶 𝗭𝗲𝗻𝗶𝗻,𝐀𝐧𝐢𝐦𝐞: 𝗝𝘂𝗷𝘂𝘁𝘀𝘂 𝗞𝗮𝗶𝘀𝗲𝗻,𝐑𝐚𝐫𝐢𝐭𝐲: 🌌 𝗡𝗲𝗯𝘂𝗹𝗮,,,,GALAXY DATABASE,22140,2026-08-28T20:27:58.420447
203,,𝐍𝐚𝐦𝐞: 𝗦𝘂𝗻𝗴 𝗝𝗶𝗻 𝗪𝗼𝗼,𝐀𝐧𝐢𝐦𝐞: 𝗦𝗼𝗹𝗼 𝗟𝗲𝘃𝗲𝗹𝗶𝗻𝗴,𝐑𝐚𝐫𝐢𝐭𝐲: 🪐 G𝗮𝗹𝗮𝘅𝘆,,,,GALAXY DATABASE,22141,2026-08-28T20:27:58.482602
204,,𝐍𝐚𝐦𝐞: 𝗠𝗮𝗼𝗺𝗮𝗼,𝐀𝐧𝐢𝐦𝐞: 𝗧𝗵𝗲 𝗔𝗽𝗼𝘁𝗵𝗲𝗰𝗮𝗿𝘆 𝗗𝗶𝗮𝗿𝗶𝗲𝘀,𝐑𝐚𝐫𝐢𝐭𝐲: ✨ 𝗔𝘀𝘁𝗿𝗮𝗹,,,,GALAXY DATABASE,22142,2026-08-28T20:27:58.545040
205,,𝐍𝐚𝐦𝐞: 𝗖𝗵𝗮 𝗛𝗮𝗲-𝗶𝗻,𝐀𝐧𝐢𝐦𝐞: 𝗦𝗼𝗹𝗼 𝗟𝗲𝘃𝗲𝗹𝗶𝗻𝗴,𝐑𝐚𝐫𝐢𝐭𝐲: 🌌 𝗡𝗲𝗯𝘂𝗹𝗮,,,,GALAXY DATABASE,22143,2026-08-28T20:27:58.606934
206,,𝐍𝐚𝐦𝐞: 𝗬𝘂𝘁𝗮 𝗢𝗸𝗸𝗼𝘁𝘀𝘂,𝐀𝐧𝐢𝐦𝐞: 𝗝𝘂𝗷𝘂𝘁𝘀𝘂 𝗞𝗮𝗶𝘀𝗲𝗻,𝐑𝐚𝐫𝐢𝐭𝐲: ✨ 𝗔𝘀𝘁𝗿𝗮𝗹,,,,GALAXY DATABASE,22144,2026-08-28T20:27:58.669801
207,,𝐍𝐚𝐦𝐞: 𝗦𝘂𝗻𝗴 𝗝𝗶𝗻 𝗪𝗼𝗼,𝐀𝐧𝐢𝐦𝐞: 𝗦𝗼𝗹𝗼 𝗟𝗲𝘃𝗲𝗹𝗶𝗻𝗴,𝐑𝐚𝐫𝐢𝐭𝐲: ✨ 𝗔𝘀𝘁𝗿𝗮𝗹,,,,GALAXY DATABASE,22145,2026-08-28T20:27:58.731152
208,,𝐍𝐚𝐦𝐞: 𝗦𝘂𝗻𝗴 𝗝𝗶𝗻 𝗪𝗼𝗼,𝐀𝐧𝐢𝐦𝐞: 𝗦𝗼𝗹𝗼 𝗟𝗲𝘃𝗲𝗹𝗶𝗻𝗴,𝐑𝐚𝐫𝐢𝐭𝐲: 🌌 𝗡𝗲𝗯𝘂𝗹𝗮,,,,GALAXY DATABASE,22146,2026-08-28T20:27:58.795219
209,,𝐍𝐚𝐦𝐞: 𝗬𝘂𝘁𝗮 𝗢𝗸𝗸𝗼𝘁𝘀𝘂,𝐀𝐧𝐢𝐦𝐞: 𝗝𝘂𝗷𝘂𝘁𝘀𝘂 𝗞𝗮𝗶𝘀𝗲𝗻,𝐑𝐚𝐫𝐢𝐭𝐲: 🌌 𝗡𝗲𝗯𝘂𝗹𝗮,,,,GALAXY DATABASE,22147,2026-08-28T20:27:58.858387
210,,𝐍𝐚𝐦𝐞: 𝗥𝘆𝗼𝗺𝗲𝗻 𝗦𝘂𝗸𝘂𝗻𝗮 𝗔𝗻𝗱 𝗦𝗮𝘁𝗼𝗿𝘂 G𝗼𝗷𝗼,𝐀𝐧𝐢𝐦𝐞: 𝗝𝘂𝗷𝘂𝘁𝘀𝘂 𝗞𝗮𝗶𝘀𝗲𝗻,𝐑𝐚𝐫𝐢𝐭𝐲: ✨ 𝗔𝘀𝘁𝗿𝗮𝗹,,,,GALAXY DATABASE,22148,2026-08-28T20:27:58.921823
211,,𝐍𝐚𝐦𝐞: 𝗞𝗶𝘀𝘂𝗸𝗲 𝗨𝗿𝗮𝗵𝗮𝗿𝗮,𝐀𝐧𝐢𝐦𝐞: 𝗕𝗹𝗲𝗮𝗰𝗵,𝐑𝐚𝐫𝐢𝐭𝐲: ✨ 𝗔𝘀𝘁𝗿𝗮𝗹,,,,GALAXY DATABASE,22149,2026-08-28T20:27:59.000530
212,,𝐍𝐚𝐦𝐞: 𝗖𝗵𝗮 𝗛𝗮𝗲-𝗶𝗻,𝐀𝐧𝐢𝐦𝐞: 𝗦𝗼𝗹𝗼 𝗟𝗲𝘃𝗲𝗹𝗶𝗻𝗴,𝐑𝐚𝐫𝐢𝐭𝐲: ✨ 𝗔𝘀𝘁𝗿𝗮𝗹,,,,GALAXY DATABASE,22150,2026-08-28T20:27:59.078583
213,,𝐍𝐚𝐦𝐞: 𝗖𝗵𝗮 𝗛𝗮𝗲-𝗶𝗻 𝗔𝗻𝗱 𝗦𝘂𝗻𝗴 𝗝𝗶𝗻 𝗪𝗼𝗼,𝐀𝐧𝐢𝐦𝐞: 𝗦𝗼𝗹𝗼 𝗟𝗲𝘃𝗲𝗹𝗶𝗻𝗴,𝐑𝐚𝐫𝐢𝐭𝐲: 🪐 G𝗮𝗹𝗮𝘅𝘆,,,,GALAXY DATABASE,22151,2026-08-28T20:27:59.142148
214,,𝐍𝐚𝐦𝐞: 𝗦𝗮𝗸𝗮𝗺𝗼𝘁𝗼 𝗗𝗮𝘆𝘀,𝐀𝐧𝐢𝐦𝐞: 𝗦𝗮𝗸𝗮𝗺𝗼𝘁𝗼 𝗗𝗮𝘆𝘀,𝐑𝐚𝐫𝐢𝐭𝐲: ✨ 𝗔𝘀𝘁𝗿𝗮𝗹,,,,GALAXY DATABASE,22152,2026-08-28T20:27:59.203661
215,,𝐍𝐚𝐦𝐞: 𝗦𝗮𝗸𝗮𝗺𝗼𝘁𝗼 𝗧𝗮𝗿𝗼,𝐀𝐧𝐢𝐦𝐞: 𝗦𝗮𝗸𝗮𝗺𝗼𝘁𝗼 𝗗𝗮𝘆𝘀,𝐑𝐚𝐫𝐢𝐭𝐲: 🌌 𝗡𝗲𝗯𝘂𝗹𝗮,,,,GALAXY DATABASE,22153,2026-08-28T20:27:59.266417
216,,𝐍𝐚𝐦𝐞: 𝗥𝗼𝘅𝘆 𝗠𝗶𝗴𝘂𝗿𝗱𝗶𝗮,𝐀𝐧𝐢𝐦𝐞: 𝗠𝘂𝘀𝗵𝗼𝗸𝘂 𝗧𝗲𝗻𝘀𝗲𝗶,𝐑𝐚𝐫𝐢𝐭𝐲: 🌌 𝗡𝗲𝗯𝘂𝗹𝗮,,,,GALAXY DATABASE,22154,2026-08-28T20:27:59.329372
217,,𝐍𝐚𝐦𝐞: 𝗥𝗼𝘅𝘆 𝗠𝗶𝗴𝘂𝗿𝗱𝗶𝗮,𝐀𝐧𝐢𝐦𝐞: 𝗠𝘂𝘀𝗵𝗼𝗸𝘂 𝗧𝗲𝗻𝘀𝗲𝗶,𝐑𝐚𝐫𝐢𝐭𝐲: ✨ 𝗔𝘀𝘁𝗿𝗮𝗹,,,,GALAXY DATABASE,22155,2026-08-28T20:27:59.392290
218,,𝐍𝐚𝐦𝐞: 𝗞𝘂𝗿𝗼𝗸𝗼 𝗡𝗼 𝗕𝗮𝘀𝗸𝗲𝘁,𝐀𝐧𝐢𝐦𝐞: 𝗞𝘂𝗿𝗼𝗸𝗼 𝗡𝗼 𝗕𝗮𝘀𝗸𝗲𝘁,𝐑𝐚𝐫𝐢𝐭𝐲: ✨ 𝗔𝘀𝘁𝗿𝗮𝗹,,,,GALAXY DATABASE,22156,2026-08-28T20:27:59.454368
219,,𝐍𝐚𝐦𝐞: 𝗦𝗮𝗻𝗼 𝗠𝗮𝗻𝗷𝗶𝗿𝗼,𝐀𝐧𝐢𝐦𝐞: 𝗧𝗼𝗸𝘆𝗼 𝗥𝗲𝘃𝗲𝗻𝗴𝗲𝗿𝘀,𝐑𝐚𝐫𝐢𝐭𝐲: ✨ 𝗔𝘀𝘁𝗿𝗮𝗹,,,,GALAXY DATABASE,22157,2026-08-28T20:27:59.518692
220,,𝐍𝐚𝐦𝐞: 𝗟𝗶𝗴𝗵𝘁 𝗬𝗮𝗴𝗮𝗺𝗶,𝐀𝐧𝐢𝐦𝐞: 𝗗𝗲𝗮𝘁𝗵 𝗡𝗼𝘁𝗲,𝐑𝐚𝐫𝐢𝐭𝐲: 🌌 𝗡𝗲𝗯𝘂𝗹𝗮,,,,GALAXY DATABASE,22158,2026-08-28T20:27:59.581012
221,,𝐍𝐚𝐦𝐞: G𝘂𝘁𝘀,𝐀𝐧𝐢𝐦𝐞: 𝗕𝗲𝗿𝘀𝗲𝗿𝗸,𝐑𝐚𝐫𝐢𝐭𝐲: 🪐 G𝗮𝗹𝗮𝘅𝘆,,,,GALAXY DATABASE,22159,2026-08-28T20:27:59.642412
222,,𝐍𝐚𝐦𝐞: 𝗕𝗲𝗿𝘀𝗲𝗿𝗸,𝐀𝐧𝐢𝐦𝐞: 𝗕𝗲𝗿𝘀𝗲𝗿𝗸,𝐑𝐚𝐫𝐢𝐭𝐲: 🪐 G𝗮𝗹𝗮𝘅𝘆,,,,GALAXY DATABASE,22160,2026-08-28T20:27:59.720330
223,,𝐍𝐚𝐦𝐞: G𝗿𝗶𝗳𝗳𝗶𝘁𝗵,𝐀𝐧𝐢𝐦𝐞: 𝗕𝗲𝗿𝘀𝗲𝗿𝗸,𝐑𝐚𝐫𝐢𝐭𝐲: 🌌 𝗡𝗲𝗯𝘂𝗹𝗮,,,,GALAXY DATABASE,22161,2026-08-28T20:27:59.784246
224,,𝐍𝐚𝐦𝐞: G𝗿𝗶𝗳𝗳𝗶𝘁𝗵 𝗔𝗻𝗱 G𝘂𝘁𝘀,𝐀𝐧𝐢𝐦𝐞: 𝗕𝗲𝗿𝘀𝗲𝗿𝗸,𝐑𝐚𝐫𝐢𝐭𝐲: 🪐 G𝗮𝗹𝗮𝘅𝘆,,,,GALAXY DATABASE,22162,2026-08-28T20:27:59.847014
225,,𝐍𝐚𝐦𝐞: 𝗟𝗶𝗴𝗵𝘁 𝗬𝗮𝗴𝗮𝗺𝗶,𝐀𝐧𝐢𝐦𝐞: 𝗗𝗲𝗮𝘁𝗵 𝗡𝗼𝘁𝗲,𝐑𝐚𝐫𝐢𝐭𝐲: ✨ 𝗔𝘀𝘁𝗿𝗮𝗹,,,,GALAXY DATABASE,22163,2026-08-28T20:27:59.908766
226,,𝐍𝐚𝐦𝐞: 𝗠𝗮𝗿𝗶𝗻 𝗞𝗶𝘁𝗮𝗴𝗮𝘄𝗮,𝐀𝐧𝐢𝐦𝐞: 𝗠𝘆 𝗗𝗿𝗲𝘀𝘀 𝗨𝗽 𝗗𝗮𝗿𝗹𝗶𝗻𝗴,𝐑𝐚𝐫𝐢𝐭𝐲: 🌌 𝗡𝗲𝗯𝘂𝗹𝗮,,,,GALAXY DATABASE,22164,2026-08-28T20:27:59.971808
227,,𝐍𝐚𝐦𝐞: 𝗠𝗮𝗿𝗶𝗻 𝗞𝗶𝘁𝗮𝗴𝗮𝘄𝗮,𝐀𝐧𝐢𝐦𝐞: 𝗠𝘆 𝗗𝗿𝗲𝘀𝘀 𝗨𝗽 𝗗𝗮𝗿𝗹𝗶𝗻𝗴,𝐑𝐚𝐫𝐢𝐭𝐲: ✨ 𝗔𝘀𝘁𝗿𝗮𝗹,,,,GALAXY DATABASE,22165,2026-08-28T20:28:00.033069
228,,𝐍𝐚𝐦𝐞: 𝗠𝗮𝗿𝗶𝗻 𝗞𝗶𝘁𝗮𝗴𝗮𝘄𝗮,𝐀𝐧𝐢𝐦𝐞: 𝗠𝘆 𝗗𝗿𝗲𝘀𝘀 𝗨𝗽 𝗗𝗮𝗿𝗹𝗶𝗻𝗴,𝐑𝐚𝐫𝐢𝐭𝐲: 🪐 G𝗮𝗹𝗮𝘅𝘆,,,,GALAXY DATABASE,22166,2026-08-28T20:28:00.095555
229,,𝐍𝐚𝐦𝐞: 𝗠𝗶𝗻𝗮𝘁𝗼 𝗡𝗮𝗺𝗶𝗸𝗮𝘇𝗲,𝐀𝐧𝐢𝐦𝐞: 𝗡𝗮𝗿𝘂𝘁𝗼,𝐑𝐚𝐫𝐢𝐭𝐲: ✨ 𝗔𝘀𝘁𝗿𝗮𝗹,,,,GALAXY DATABASE,22167,2026-08-28T20:28:00.157310
230,,𝐍𝐚𝐦𝐞: 𝗣𝗮𝗶𝗻,𝐀𝐧𝐢𝐦𝐞: 𝗡𝗮𝗿𝘂𝘁𝗼,𝐑𝐚𝐫𝐢𝐭𝐲: ✨ 𝗔𝘀𝘁𝗿𝗮𝗹,,,,GALAXY DATABASE,22168,2026-08-28T20:28:00.219167
231,,𝐍𝐚𝐦𝐞: 𝗦𝗮𝘀𝘂𝗸𝗲 𝗨𝗰𝗵𝗶𝗵𝗮,𝐀𝐧𝐢𝐦𝐞: 𝗡𝗮𝗿𝘂𝘁𝗼,𝐑𝐚𝐫𝐢𝐭𝐲: ✨ 𝗔𝘀𝘁𝗿𝗮𝗹,,,,GALAXY DATABASE,22169,2026-08-28T20:28:00.282672
232,,𝐍𝐚𝐦𝐞: 𝗜𝘁𝗮𝗰𝗵𝗶 𝗨𝗰𝗵𝗶𝗵𝗮,𝐀𝐧𝐢𝐦𝐞: 𝗡𝗮𝗿𝘂𝘁𝗼,𝐑𝐚𝐫𝐢𝐭𝐲: 🌌 𝗡𝗲𝗯𝘂𝗹𝗮,,,,GALAXY DATABASE,22170,2026-08-28T20:28:00.345290
233,,𝐍𝐚𝐦𝐞: 𝗜𝘁𝗮𝗰𝗵𝗶 𝗨𝗰𝗵𝗶𝗵𝗮,𝐀𝐧𝐢𝐦𝐞: 𝗡𝗮𝗿𝘂𝘁𝗼,𝐑𝐚𝐫𝐢𝐭𝐲: ✨ 𝗔𝘀𝘁𝗿𝗮𝗹,,,,GALAXY DATABASE,22171,2026-08-28T20:28:00.407424
234,,𝐍𝐚𝐦𝐞: 𝗭𝗲𝗻𝗶𝘁𝘀𝘂 𝗔𝗴𝗮𝘁𝘀𝘂𝗺𝗮,𝐀𝐧𝐢𝐦𝐞: 𝗗𝗲𝗺𝗼𝗻 𝗦𝗹𝗮𝘆𝗲𝗿,𝐑𝐚𝐫𝐢𝐭𝐲: ✨ 𝗔𝘀𝘁𝗿𝗮𝗹,,,,GALAXY DATABASE,22172,2026-08-28T20:28:00.470298
235,,𝐍𝐚𝐦𝐞: 𝗠𝗶𝘁𝘀𝘂𝗿𝗶 𝗞𝗮𝗻𝗿𝗼𝗷𝗶,𝐀𝐧𝐢𝐦𝐞: 𝗗𝗲𝗺𝗼𝗻 𝗦𝗹𝗮𝘆𝗲𝗿,𝐑𝐚𝐫𝐢𝐭𝐲: 🪐 G𝗮𝗹𝗮𝘅𝘆,,,,GALAXY DATABASE,22173,2026-08-28T20:28:00.533366
236,,𝐍𝐚𝐦𝐞: 𝗔𝗸𝗮𝘇𝗮,𝐀𝐧𝐢𝐦𝐞: 𝗗𝗲𝗺𝗼𝗻 𝗦𝗹𝗮𝘆𝗲𝗿,𝐑𝐚𝐫𝐢𝐭𝐲: ✨ 𝗔𝘀𝘁𝗿𝗮𝗹,,,,GALAXY DATABASE,22174,2026-08-28T20:28:00.594886
237,,𝐍𝐚𝐦𝐞: 𝗥𝗲𝗻𝗴𝗼𝗸𝘂 𝗞𝘆𝗼𝗷𝘂𝗿𝗼,𝐀𝐧𝐢𝐦𝐞: 𝗗𝗲𝗺𝗼𝗻 𝗦𝗹𝗮𝘆𝗲𝗿,𝐑𝐚𝐫𝐢𝐭𝐲: ✨ 𝗔𝘀𝘁𝗿𝗮𝗹,,,,GALAXY DATABASE,22175,2026-08-28T20:28:00.659000
238,,𝐍𝐚𝐦𝐞: 𝗠𝘂𝘇𝗮𝗻 𝗞𝗶𝗯𝘂𝘁𝘀𝘂𝗷𝗶,𝐀𝐧𝐢𝐦𝐞: 𝗗𝗲𝗺𝗼𝗻 𝗦𝗹𝗮𝘆𝗲𝗿,𝐑𝐚𝐫𝐢𝐭𝐲: 🌌 𝗡𝗲𝗯𝘂𝗹𝗮,,,,GALAXY DATABASE,22176,2026-08-28T20:28:00.736084
239,,𝐍𝐚𝐦𝐞: 𝗦𝗵𝗶𝗻𝗼𝗯𝘂 𝗞𝗼𝗰𝗵𝗼,𝐀𝐧𝐢𝐦𝐞: 𝗗𝗲𝗺𝗼𝗻 𝗦𝗹𝗮𝘆𝗲𝗿,𝐑𝐚𝐫𝐢𝐭𝐲: 🪐 G𝗮𝗹𝗮𝘅𝘆,,,,GALAXY DATABASE,22177,2026-08-28T20:28:00.814065
240,,𝐍𝐚𝐦𝐞: 𝗦𝗮𝗻𝗲𝗺𝗶 𝗦𝗵𝗶𝗻𝗮𝘇𝘂𝗴𝗮𝘄𝗮,𝐀𝐧𝐢𝐦𝐞: 𝗗𝗲𝗺𝗼𝗻 𝗦𝗹𝗮𝘆𝗲𝗿,𝐑𝐚𝐫𝐢𝐭𝐲: 🌌 𝗡𝗲𝗯𝘂𝗹𝗮,,,,GALAXY DATABASE,22178,2026-08-28T20:28:00.877531
241,,𝐍𝐚𝐦𝐞: 𝗠𝗲𝗶 𝗠𝗲𝗶,𝐀𝐧𝐢𝐦𝐞: 𝗝𝘂𝗷𝘂𝘁𝘀𝘂 𝗞𝗮𝗶𝘀𝗲𝗻,𝐑𝐚𝐫𝐢𝐭𝐲: 🌌 𝗡𝗲𝗯𝘂𝗹𝗮,,,,GALAXY DATABASE,22179,2026-08-28T20:28:00.940176
242,,𝐍𝐚𝐦𝐞: 𝗬𝘂𝗸𝗶 𝗧𝘀𝘂𝗸𝘂𝗺𝗼,𝐀𝐧𝐢𝐦𝐞: 𝗝𝘂𝗷𝘂𝘁𝘀𝘂 𝗞𝗮𝗶𝘀𝗲𝗻,𝐑𝐚𝐫𝐢𝐭𝐲: ✨ 𝗔𝘀𝘁𝗿𝗮𝗹,,,,GALAXY DATABASE,22180,2026-08-28T20:28:01.016622
243,,𝐍𝐚𝐦𝐞: 𝗧𝗼𝗷𝗶 𝗙𝘂𝘀𝗵𝗶𝗴𝘂𝗿𝗼,𝐀𝐧𝐢𝐦𝐞: 𝗝𝘂𝗷𝘂𝘁𝘀𝘂 𝗞𝗮𝗶𝘀𝗲𝗻,𝐑𝐚𝐫𝐢𝐭𝐲: ✨ 𝗔𝘀𝘁𝗿𝗮𝗹,,,,GALAXY DATABASE,22181,2026-08-28T20:28:01.080777
244,,𝐍𝐚𝐦𝐞: 𝗧𝗼𝗷𝗶 𝗙𝘂𝘀𝗵𝗶𝗴𝘂𝗿𝗼,𝐀𝐧𝐢𝐦𝐞: 𝗝𝘂𝗷𝘂𝘁𝘀𝘂 𝗞𝗮𝗶𝘀𝗲𝗻,𝐑𝐚𝐫𝐢𝐭𝐲: 🪐 G𝗮𝗹𝗮𝘅𝘆,,,,GALAXY DATABASE,22182,2026-08-28T20:28:01.142992
245,,𝐍𝐚𝐦𝐞: 𝗮𝗸𝗮𝘀𝗵𝗶 𝘀𝗲𝗶𝗷𝘂𝗿𝗼,𝐀𝐧𝐢𝐦𝐞: 𝗸𝘂𝗿𝗼𝗸𝗼 𝗻𝗼 𝗯𝗮𝘀𝗸𝗲𝘁,𝐑𝐚𝐫𝐢𝐭𝐲: 🌌 𝗡𝗲𝗯𝘂𝗹𝗮,,,,GALAXY DATABASE,22183,2026-08-28T20:28:01.204283
246,,𝐍𝐚𝐦𝐞: 𝗞𝗶𝘀𝘂𝗸𝗲 𝗨𝗿𝗮𝗵𝗮𝗿𝗮,𝐀𝐧𝐢𝐦𝐞: 𝗕𝗹𝗲𝗮𝗰𝗵,𝐑𝐚𝐫𝐢𝐭𝐲: 🌌 𝗡𝗲𝗯𝘂𝗹𝗮,,,,GALAXY DATABASE,22184,2026-08-28T20:28:01.266068
247,,𝐍𝐚𝐦𝐞: 𝗧𝗼𝗷𝗶 𝗙𝘂𝘀𝗵𝗶𝗴𝘂𝗿𝗼,𝐀𝐧𝐢𝐦𝐞: 𝗝𝘂𝗷𝘂𝘁𝘀𝘂 𝗞𝗮𝗶𝘀𝗲𝗻,𝐑𝐚𝐫𝐢𝐭𝐲: 🌌 𝗡𝗲𝗯𝘂𝗹𝗮,,,,GALAXY DATABASE,22185,2026-08-28T20:28:01.328528
248,,Naruto Uzumaki,Naruto/Boruto,Mythical,,Naruto_Uzumaki_921.jpg,C:\Users\kalaw\OneDrive\Desktop\waifuscraper\downloads\images\OrinX_Character_Database\Naruto_Uzumaki_921.jpg,OrinX Character Database,921,2026-08-28T20:28:06.444135
249,,Ichigo Kurosaki,Bleach,Mythical,,Ichigo_Kurosaki_922.jpg,C:\Users\kalaw\OneDrive\Desktop\waifuscraper\downloads\images\OrinX_Character_Database\Ichigo_Kurosaki_922.jpg,OrinX Character Database,922,2026-08-28T20:28:07.806258
250,,Monkey D. Luffy,One Piece,Mythical,,Monkey_D._Luffy_923.jpg,C:\Users\kalaw\OneDrive\Desktop\waifuscraper\downloads\images\OrinX_Character_Database\Monkey_D._Luffy_923.jpg,OrinX Character Database,923,2026-08-28T20:28:08.967458
251,,Sarada Uchiha [💠],Naruto/Boruto,Divine,,Sarada_Uchiha_[💠]_924.jpg,C:\Users\kalaw\OneDrive\Desktop\waifuscraper\downloads\images\OrinX_Character_Database\Sarada_Uchiha_[💠]_924.jpg,OrinX Character Database,924,2026-08-28T20:28:12.633233
252,,God Tamer,Hollow Knight,Rare,,God_Tamer_925.jpg,C:\Users\kalaw\OneDrive\Desktop\waifuscraper\downloads\images\OrinX_Character_Database\God_Tamer_925.jpg,OrinX Character Database,925,2026-08-28T20:28:14.249204
253,,Yuki Itose,Sign Of Affection,Common,,Yuki_Itose_926.jpg,C:\Users\kalaw\OneDrive\Desktop\waifuscraper\downloads\images\OrinX_Character_Database\Yuki_Itose_926.jpg,OrinX Character Database,926,2026-08-28T20:28:14.941763
254,,Levi Akerman,Attack On Titan,Common,,Levi_Akerman_927.jpg,C:\Users\kalaw\OneDrive\Desktop\waifuscraper\downloads\images\OrinX_Character_Database\Levi_Akerman_927.jpg,OrinX Character Database,927,2026-08-28T20:28:15.714617
255,,The Absolute Begin,Solo Leveling,Uncommon,,The_Absolute_Begin_928.jpg,C:\Users\kalaw\OneDrive\Desktop\waifuscraper\downloads\images\OrinX_Character_Database\The_Absolute_Begin_928.jpg,OrinX Character Database,928,2026-08-28T20:28:17.566592
256,,Itachi Uchiha,Naruto/Boruto,Divine,,Itachi_Uchiha_929.jpg,C:\Users\kalaw\OneDrive\Desktop\waifuscraper\downloads\images\OrinX_Character_Database\Itachi_Uchiha_929.jpg,OrinX Character Database,929,2026-08-28T20:28:18.850035
257,,Brunhilde,Record Of Ragnarok,Uncommon,,Brunhilde_930.jpg,C:\Users\kalaw\OneDrive\Desktop\waifuscraper\downloads\images\OrinX_Character_Database\Brunhilde_930.jpg,OrinX Character Database,930,2026-08-28T20:28:19.610584
258,,Bulla,Dragon Ball,Rare,,Bulla_931.jpg,C:\Users\kalaw\OneDrive\Desktop\waifuscraper\downloads\images\OrinX_Character_Database\Bulla_931.jpg,OrinX Character Database,931,2026-08-28T20:28:20.997861
259,,Sung Jin Ah,Solo Leveling,Rare,,Sung_Jin_Ah_932.jpg,C:\Users\kalaw\OneDrive\Desktop\waifuscraper\downloads\images\OrinX_Character_Database\Sung_Jin_Ah_932.jpg,OrinX Character Database,932,2026-08-28T20:28:22.253997
260,,Tsukishiro Yanagi,Zenless Zone Zero,Uncommon,,Tsukishiro_Yanagi_933.jpg,C:\Users\kalaw\OneDrive\Desktop\waifuscraper\downloads\images\OrinX_Character_Database\Tsukishiro_Yanagi_933.jpg,OrinX Character Database,933,2026-08-28T20:28:23.490266
261,,Navia,Genshin Impact [🎮],Legendary,,Navia_934.jpg,C:\Users\kalaw\OneDrive\Desktop\waifuscraper\downloads\images\OrinX_Character_Database\Navia_934.jpg,OrinX Character Database,934,2026-08-28T20:28:24.541419
262,,Hu Tao [🏅],Genshin Impact [🎮],Uncommon,,Hu_Tao_[🏅]_935.jpg,C:\Users\kalaw\OneDrive\Desktop\waifuscraper\downloads\images\OrinX_Character_Database\Hu_Tao_[🏅]_935.jpg,OrinX Character Database,935,2026-08-28T20:28:25.368450
263,,Yelan [🏖️],Genshin Impact [🎮],Divine,],Yelan_[🏖️]_936.jpg,C:\Users\kalaw\OneDrive\Desktop\waifuscraper\downloads\images\OrinX_Character_Database\Yelan_[🏖️]_936.jpg,OrinX Character Database,936,2026-08-28T20:28:26.134403
264,,Raiden [🍷],Genshin Impact [🎮],Divine,,Raiden_[🍷]_937.jpg,C:\Users\kalaw\OneDrive\Desktop\waifuscraper\downloads\images\OrinX_Character_Database\Raiden_[🍷]_937.jpg,OrinX Character Database,937,2026-08-28T20:28:26.809605
265,,Zero Two [🎒],Darling in the Franxx,Divine,,Zero_Two_[🎒]_938.jpg,C:\Users\kalaw\OneDrive\Desktop\waifuscraper\downloads\images\OrinX_Character_Database\Zero_Two_[🎒]_938.jpg,OrinX Character Database,938,2026-08-28T20:28:27.981910
266,,Kanao Tsuyuri [🧹],Demon Slayer,Uncommon,,Kanao_Tsuyuri_[🧹]_939.jpg,C:\Users\kalaw\OneDrive\Desktop\waifuscraper\downloads\images\OrinX_Character_Database\Kanao_Tsuyuri_[🧹]_939.jpg,OrinX Character Database,939,2026-08-28T20:28:29.968321
267,,Shinobu Kochou [🐰],Demon Slayer,Legendary,,Shinobu_Kochou_[🐰]_940.jpg,C:\Users\kalaw\OneDrive\Desktop\waifuscraper\downloads\images\OrinX_Character_Database\Shinobu_Kochou_[🐰]_940.jpg,OrinX Character Database,940,2026-08-28T20:28:31.810611
268,,Zenitsu Agatsuma,Demon Slayer,Legendary,,Zenitsu_Agatsuma_941.jpg,C:\Users\kalaw\OneDrive\Desktop\waifuscraper\downloads\images\OrinX_Character_Database\Zenitsu_Agatsuma_941.jpg,OrinX Character Database,941,2026-08-28T20:28:32.530006
269,,Nezuko Kamado,Demon Slayer,Mythical,,Nezuko_Kamado_942.jpg,C:\Users\kalaw\OneDrive\Desktop\waifuscraper\downloads\images\OrinX_Character_Database\Nezuko_Kamado_942.jpg,OrinX Character Database,942,2026-08-28T20:28:34.421866
270,,Taka,Naruto/Boruto,Rare,,Taka_943.jpg,C:\Users\kalaw\OneDrive\Desktop\waifuscraper\downloads\images\OrinX_Character_Database\Taka_943.jpg,OrinX Character Database,943,2026-08-28T20:28:36.583336
271,,Madara Uchiha & Obito Uchiha,Naruto/Boruto,Uncommon,,Madara_Uchiha_&_Obito_Uchiha_944.jpg,C:\Users\kalaw\OneDrive\Desktop\waifuscraper\downloads\images\OrinX_Character_Database\Madara_Uchiha_&_Obito_Uchiha_944.jpg,OrinX Character Database,944,2026-08-28T20:28:38.995215
272,,Akatsuki,Naruto/Boruto,Legendary,,Akatsuki_945.jpg,C:\Users\kalaw\OneDrive\Desktop\waifuscraper\downloads\images\OrinX_Character_Database\Akatsuki_945.jpg,OrinX Character Database,945,2026-08-28T20:28:39.646740
273,,Obito Uchiha,Naruto/Boruto,Mythical,,Obito_Uchiha_946.jpg,C:\Users\kalaw\OneDrive\Desktop\waifuscraper\downloads\images\OrinX_Character_Database\Obito_Uchiha_946.jpg,OrinX Character Database,946,2026-08-28T20:28:40.450703
274,,Hua Cheng [🏅],heaven official's blessing,Divine,,Hua_Cheng_[🏅]_947.jpg,C:\Users\kalaw\OneDrive\Desktop\waifuscraper\downloads\images\OrinX_Character_Database\Hua_Cheng_[🏅]_947.jpg,OrinX Character Database,947,2026-08-28T20:28:41.249853
275,,Billie Eilish,Singer,OrinVd,,,,OrinX Character Database,948,2026-08-28T20:28:41.322766
276,,Shang Tsung,Mortal Kombat,Uncommon,,Shang_Tsung_949.jpg,C:\Users\kalaw\OneDrive\Desktop\waifuscraper\downloads\images\OrinX_Character_Database\Shang_Tsung_949.jpg,OrinX Character Database,949,2026-08-28T20:28:42.716990
277,,Rin Itoshi,Blue Lock,Uncommon,,Rin_Itoshi_950.jpg,C:\Users\kalaw\OneDrive\Desktop\waifuscraper\downloads\images\OrinX_Character_Database\Rin_Itoshi_950.jpg,OrinX Character Database,950,2026-08-28T20:28:43.456352
278,,Nagatoro,"Don't Toy with Me, Miss Nagatoro",Uncommon,,Nagatoro_971.jpg,C:\Users\kalaw\OneDrive\Desktop\waifuscraper\downloads\images\OrinX_Character_Database\Nagatoro_971.jpg,OrinX Character Database,971,2026-08-28T20:28:44.544497
279,,Reze,Chain Saw Man,Rare,,Reze_972.jpg,C:\Users\kalaw\OneDrive\Desktop\waifuscraper\downloads\images\OrinX_Character_Database\Reze_972.jpg,OrinX Character Database,972,2026-08-28T20:28:45.805354
280,,Taro Sakamoto,Sakamoto Days,Uncommon,,Taro_Sakamoto_973.jpg,C:\Users\kalaw\OneDrive\Desktop\waifuscraper\downloads\images\OrinX_Character_Database\Taro_Sakamoto_973.jpg,OrinX Character Database,973,2026-08-28T20:28:46.539469
281,,Utahime Lori,Jujutsu Kaisen,Uncommon,,Utahime_Lori_974.jpg,C:\Users\kalaw\OneDrive\Desktop\waifuscraper\downloads\images\OrinX_Character_Database\Utahime_Lori_974.jpg,OrinX Character Database,974,2026-08-28T20:28:50.087215
282,,Kakashi Hatake,Naruto/Boruto,Rare,,Kakashi_Hatake_975.jpg,C:\Users\kalaw\OneDrive\Desktop\waifuscraper\downloads\images\OrinX_Character_Database\Kakashi_Hatake_975.jpg,OrinX Character Database,975,2026-08-28T20:28:53.233271
283,,L,Death Note,Uncommon,,L_976.jpg,C:\Users\kalaw\OneDrive\Desktop\waifuscraper\downloads\images\OrinX_Character_Database\L_976.jpg,OrinX Character Database,976,2026-08-28T20:28:56.360844
284,,Light Yagami,Death Note,Uncommon,,Light_Yagami_977.jpg,C:\Users\kalaw\OneDrive\Desktop\waifuscraper\downloads\images\OrinX_Character_Database\Light_Yagami_977.jpg,OrinX Character Database,977,2026-08-28T20:28:58.209457
285,,Light Yagami,Death Note,Legendary,,Light_Yagami_978.jpg,C:\Users\kalaw\OneDrive\Desktop\waifuscraper\downloads\images\OrinX_Character_Database\Light_Yagami_978.jpg,OrinX Character Database,978,2026-08-28T20:28:59.158517
286,,Rien,Hell's Paradise,Common,,Rien_979.jpg,C:\Users\kalaw\OneDrive\Desktop\waifuscraper\downloads\images\OrinX_Character_Database\Rien_979.jpg,OrinX Character Database,979,2026-08-28T20:28:59.634368
287,,Yuzuriha & Shion,Hell's Paradise,Rare,,Yuzuriha_&_Shion_980.jpg,C:\Users\kalaw\OneDrive\Desktop\waifuscraper\downloads\images\OrinX_Character_Database\Yuzuriha_&_Shion_980.jpg,OrinX Character Database,980,2026-08-28T20:29:00.492484
288,,Aza Toma,Hell's Paradise,Rare,,Aza_Toma_981.jpg,C:\Users\kalaw\OneDrive\Desktop\waifuscraper\downloads\images\OrinX_Character_Database\Aza_Toma_981.jpg,OrinX Character Database,981,2026-08-28T20:29:01.036658
289,,Ishtar & ereshkigal,Fate Series,Rare,,Ishtar_&_ereshkigal_982.jpg,C:\Users\kalaw\OneDrive\Desktop\waifuscraper\downloads\images\OrinX_Character_Database\Ishtar_&_ereshkigal_982.jpg,OrinX Character Database,982,2026-08-28T20:29:03.471369
290,,Shanks & Luffy,One Piece,Legendary,,Shanks_&_Luffy_983.jpg,C:\Users\kalaw\OneDrive\Desktop\waifuscraper\downloads\images\OrinX_Character_Database\Shanks_&_Luffy_983.jpg,OrinX Character Database,983,2026-08-28T20:29:05.684646
291,,Komi Shuuko,Komi Can'T Communicate,Uncommon,,Komi_Shuuko_984.jpg,C:\Users\kalaw\OneDrive\Desktop\waifuscraper\downloads\images\OrinX_Character_Database\Komi_Shuuko_984.jpg,OrinX Character Database,984,2026-08-28T20:29:07.803973
292,,Soo-Ah Cha,Secret Class,Uncommon,,Soo-Ah_Cha_985.jpg,C:\Users\kalaw\OneDrive\Desktop\waifuscraper\downloads\images\OrinX_Character_Database\Soo-Ah_Cha_985.jpg,OrinX Character Database,985,2026-08-28T20:29:08.339337
293,,Sakura Haruno,Naruto/Boruto,Rare,,Sakura_Haruno_986.jpg,C:\Users\kalaw\OneDrive\Desktop\waifuscraper\downloads\images\OrinX_Character_Database\Sakura_Haruno_986.jpg,OrinX Character Database,986,2026-08-28T20:29:09.772009
294,,Rem & Ram,Re:Zero − Starting Life in Another World,Rare,,Rem_&_Ram_987.jpg,C:\Users\kalaw\OneDrive\Desktop\waifuscraper\downloads\images\OrinX_Character_Database\Rem_&_Ram_987.jpg,OrinX Character Database,987,2026-08-28T20:29:12.223834
295,,Gojo Satoru [🏅],Jujusut Kaisen,Uncommon,,Gojo_Satoru_[🏅]_988.jpg,C:\Users\kalaw\OneDrive\Desktop\waifuscraper\downloads\images\OrinX_Character_Database\Gojo_Satoru_[🏅]_988.jpg,OrinX Character Database,988,2026-08-28T20:29:13.996770
296,,Toji Fushiguro,Jujutsu Kaisen,Divine,,Toji_Fushiguro_989.jpg,C:\Users\kalaw\OneDrive\Desktop\waifuscraper\downloads\images\OrinX_Character_Database\Toji_Fushiguro_989.jpg,OrinX Character Database,989,2026-08-28T20:29:16.908055
297,,Gojo Satoru,Jujutsu Kaisen,Divine,,Gojo_Satoru_990.jpg,C:\Users\kalaw\OneDrive\Desktop\waifuscraper\downloads\images\OrinX_Character_Database\Gojo_Satoru_990.jpg,OrinX Character Database,990,2026-08-28T20:29:17.768022
298,,Toji Fushiguro,Jujutsu Kaisen,Uncommon,,Toji_Fushiguro_991.jpg,C:\Users\kalaw\OneDrive\Desktop\waifuscraper\downloads\images\OrinX_Character_Database\Toji_Fushiguro_991.jpg,OrinX Character Database,991,2026-08-28T20:29:19.044074
299,,Nami,One Piece,Rare,,Nami_992.jpg,C:\Users\kalaw\OneDrive\Desktop\waifuscraper\downloads\images\OrinX_Character_Database\Nami_992.jpg,OrinX Character Database,992,2026-08-28T20:29:19.930365
300,,Kizaru,One Piece,Rare,,Kizaru_993.jpg,C:\Users\kalaw\OneDrive\Desktop\waifuscraper\downloads\images\OrinX_Character_Database\Kizaru_993.jpg,OrinX Character Database,993,2026-08-28T20:29:21.145953
301,,Aokiji,One Piece,Rare,,Aokiji_994.jpg,C:\Users\kalaw\OneDrive\Desktop\waifuscraper\downloads\images\OrinX_Character_Database\Aokiji_994.jpg,OrinX Character Database,994,2026-08-28T20:29:21.599589
302,,Yamato,One Piece,Legendary,,Yamato_995.jpg,C:\Users\kalaw\OneDrive\Desktop\waifuscraper\downloads\images\OrinX_Character_Database\Yamato_995.jpg,OrinX Character Database,995,2026-08-28T20:29:23.125345
303,,TenTen,Naruto/Boruto,Uncommon,,TenTen_996.jpg,C:\Users\kalaw\OneDrive\Desktop\waifuscraper\downloads\images\OrinX_Character_Database\TenTen_996.jpg,OrinX Character Database,996,2026-08-28T20:29:23.914112
304,,Hinata Hyuga,Naruto/Boruto,Uncommon,,Hinata_Hyuga_997.jpg,C:\Users\kalaw\OneDrive\Desktop\waifuscraper\downloads\images\OrinX_Character_Database\Hinata_Hyuga_997.jpg,OrinX Character Database,997,2026-08-28T20:29:24.439719
305,,Nami [🎞],One Piece,OrinVd,,,,OrinX Character Database,998,2026-08-28T20:29:24.506466
306,,Vinsmoke Sanji [🎞],One Piece,OrinVd,,,,OrinX Character Database,999,2026-08-28T20:29:24.585139
307,,Trafagalar D. Water Law,One Piece,Mythical,,Trafagalar_D._Water_Law_1000.jpg,C:\Users\kalaw\OneDrive\Desktop\waifuscraper\downloads\images\OrinX_Character_Database\Trafagalar_D._Water_Law_1000.jpg,OrinX Character Database,1000,2026-08-28T20:29:25.704931
308,,Ichika Nakano [🏖️],Quintessential Quintuplets,Legendary,],Ichika_Nakano_[🏖️]_1001.jpg,C:\Users\kalaw\OneDrive\Desktop\waifuscraper\downloads\images\OrinX_Character_Database\Ichika_Nakano_[🏖️]_1001.jpg,OrinX Character Database,1001,2026-08-28T20:29:26.381946
309,,Cid Kagenou,The Eminence In Shadow,Uncommon,,Cid_Kagenou_1002.jpg,C:\Users\kalaw\OneDrive\Desktop\waifuscraper\downloads\images\OrinX_Character_Database\Cid_Kagenou_1002.jpg,OrinX Character Database,1002,2026-08-28T20:29:27.152222
310,,Muichiro Tokito [🍷],Demon Slayer,Uncommon,,Muichiro_Tokito_[🍷]_1003.jpg,C:\Users\kalaw\OneDrive\Desktop\waifuscraper\downloads\images\OrinX_Character_Database\Muichiro_Tokito_[🍷]_1003.jpg,OrinX Character Database,1003,2026-08-28T20:29:28.123474
311,,Infernapie,Pokémon Series,Uncommon,,Infernapie_1004.jpg,C:\Users\kalaw\OneDrive\Desktop\waifuscraper\downloads\images\OrinX_Character_Database\Infernapie_1004.jpg,OrinX Character Database,1004,2026-08-28T20:29:28.646553
312,,Lucas Wykes,The beginning after the end,Rare,,Lucas_Wykes_1005.jpg,C:\Users\kalaw\OneDrive\Desktop\waifuscraper\downloads\images\OrinX_Character_Database\Lucas_Wykes_1005.jpg,OrinX Character Database,1005,2026-08-28T20:29:29.299920
313,,Shigeo Kageyama & Reigen Arataka,Mob Psycho 100,Common,,Shigeo_Kageyama_&_Reigen_Arataka_1006.jpg,C:\Users\kalaw\OneDrive\Desktop\waifuscraper\downloads\images\OrinX_Character_Database\Shigeo_Kageyama_&_Reigen_Arataka_1006.jpg,OrinX Character Database,1006,2026-08-28T20:29:31.193979
314,,Jack The Ripper,Record Of Ragnarok,Common,,Jack_The_Ripper_1007.jpg,C:\Users\kalaw\OneDrive\Desktop\waifuscraper\downloads\images\OrinX_Character_Database\Jack_The_Ripper_1007.jpg,OrinX Character Database,1007,2026-08-28T20:29:31.956226
315,,Yuno [🧹],Black Clover,Legendary,,Yuno_[🧹]_1008.jpg,C:\Users\kalaw\OneDrive\Desktop\waifuscraper\downloads\images\OrinX_Character_Database\Yuno_[🧹]_1008.jpg,OrinX Character Database,1008,2026-08-28T20:29:33.148014
316,,Nefertari D. Vivi [🎄],One Piece,Rare,],Nefertari_D._Vivi_[🎄]_1009.jpg,C:\Users\kalaw\OneDrive\Desktop\waifuscraper\downloads\images\OrinX_Character_Database\Nefertari_D._Vivi_[🎄]_1009.jpg,OrinX Character Database,1009,2026-08-28T20:29:35.137123
317,,Trigger [👘],Zenless Zone Zero,Legendary,],Trigger_[👘]_1010.jpg,C:\Users\kalaw\OneDrive\Desktop\waifuscraper\downloads\images\OrinX_Character_Database\Trigger_[👘]_1010.jpg,OrinX Character Database,1010,2026-08-28T20:29:35.946131
318,,Hatsune Miku [🧪],Vocaloid,Legendary,,Hatsune_Miku_[🧪]_1011.jpg,C:\Users\kalaw\OneDrive\Desktop\waifuscraper\downloads\images\OrinX_Character_Database\Hatsune_Miku_[🧪]_1011.jpg,OrinX Character Database,1011,2026-08-28T20:29:37.111346
319,,Boa Hancock [🏅],One Piece,Uncommon,,Boa_Hancock_[🏅]_1012.jpg,C:\Users\kalaw\OneDrive\Desktop\waifuscraper\downloads\images\OrinX_Character_Database\Boa_Hancock_[🏅]_1012.jpg,OrinX Character Database,1012,2026-08-28T20:29:37.765358
320,,Saitama [📔],One Punch Man,Legendary,,Saitama_[📔]_1013.jpg,C:\Users\kalaw\OneDrive\Desktop\waifuscraper\downloads\images\OrinX_Character_Database\Saitama_[📔]_1013.jpg,OrinX Character Database,1013,2026-08-28T20:29:38.829371
321,,Uchiha Sasuke[🍷],Naruto/Boruto,Mythical,,Uchiha_Sasuke[🍷]_1014.jpg,C:\Users\kalaw\OneDrive\Desktop\waifuscraper\downloads\images\OrinX_Character_Database\Uchiha_Sasuke[🍷]_1014.jpg,OrinX Character Database,1014,2026-08-28T20:29:39.486322
322,,Hinata Hyuga [🎒],Naruto/Boruto,Divine,,Hinata_Hyuga_[🎒]_1015.jpg,C:\Users\kalaw\OneDrive\Desktop\waifuscraper\downloads\images\OrinX_Character_Database\Hinata_Hyuga_[🎒]_1015.jpg,OrinX Character Database,1015,2026-08-28T20:29:40.134343
323,,Hinata Hyuga [⛩],Naruto/Boruto,Supreme,,Hinata_Hyuga_[⛩]_1016.jpg,C:\Users\kalaw\OneDrive\Desktop\waifuscraper\downloads\images\OrinX_Character_Database\Hinata_Hyuga_[⛩]_1016.jpg,OrinX Character Database,1016,2026-08-28T20:29:42.216913
324,,Meidri [🐰],Ishuzoku Reviewers,Rare,,Meidri_[🐰]_1017.jpg,C:\Users\kalaw\OneDrive\Desktop\waifuscraper\downloads\images\OrinX_Character_Database\Meidri_[🐰]_1017.jpg,OrinX Character Database,1017,2026-08-28T20:29:42.944939
325,,May [🏖],Pokémon Series,Rare,,May_[🏖]_1018.jpg,C:\Users\kalaw\OneDrive\Desktop\waifuscraper\downloads\images\OrinX_Character_Database\May_[🏖]_1018.jpg,OrinX Character Database,1018,2026-08-28T20:29:43.694851
326,,Orphie,Zenless Zone Zero,Legendary,,Orphie_1019.jpg,C:\Users\kalaw\OneDrive\Desktop\waifuscraper\downloads\images\OrinX_Character_Database\Orphie_1019.jpg,OrinX Character Database,1019,2026-08-28T20:29:44.335883
327,,Minakata Hizuru,Summer Time Rendering,Supreme,,Minakata_Hizuru_1020.jpg,C:\Users\kalaw\OneDrive\Desktop\waifuscraper\downloads\images\OrinX_Character_Database\Minakata_Hizuru_1020.jpg,OrinX Character Database,1020,2026-08-28T20:29:45.117797
328,,Crocodile [☃],One Piece,Legendary,,Crocodile_[☃]_1021.jpg,C:\Users\kalaw\OneDrive\Desktop\waifuscraper\downloads\images\OrinX_Character_Database\Crocodile_[☃]_1021.jpg,OrinX Character Database,1021,2026-08-28T20:29:45.807395
329,,Changli [🧹],Wuthering Waves [🎮],Mythical,,Changli_[🧹]_1022.jpg,C:\Users\kalaw\OneDrive\Desktop\waifuscraper\downloads\images\OrinX_Character_Database\Changli_[🧹]_1022.jpg,OrinX Character Database,1022,2026-08-28T20:29:46.552615
330,,Lucyna Kushinada [🧪],Cyberpunk,Mythical,,Lucyna_Kushinada_[🧪]_1023.jpg,C:\Users\kalaw\OneDrive\Desktop\waifuscraper\downloads\images\OrinX_Character_Database\Lucyna_Kushinada_[🧪]_1023.jpg,OrinX Character Database,1023,2026-08-28T20:29:47.358674
331,,Tartaglia,Genshin Impact [🎮],Uncommon,,Tartaglia_1024.jpg,C:\Users\kalaw\OneDrive\Desktop\waifuscraper\downloads\images\OrinX_Character_Database\Tartaglia_1024.jpg,OrinX Character Database,1024,2026-08-28T20:29:48.463146
332,,Naruto & Luffy,CrossVerse,CrossVerse,,Naruto_&_Luffy_1025.jpg,C:\Users\kalaw\OneDrive\Desktop\waifuscraper\downloads\images\OrinX_Character_Database\Naruto_&_Luffy_1025.jpg,OrinX Character Database,1025,2026-08-28T20:29:50.853413
333,,Ellen Joe,Zenless Zone Zero,Mythical,,Ellen_Joe_1026.jpg,C:\Users\kalaw\OneDrive\Desktop\waifuscraper\downloads\images\OrinX_Character_Database\Ellen_Joe_1026.jpg,OrinX Character Database,1026,2026-08-28T20:29:52.802426
334,,Rukia Kuchiki [🍷],Bleach,Mythical,,Rukia_Kuchiki_[🍷]_1027.jpg,C:\Users\kalaw\OneDrive\Desktop\waifuscraper\downloads\images\OrinX_Character_Database\Rukia_Kuchiki_[🍷]_1027.jpg,OrinX Character Database,1027,2026-08-28T20:29:54.439137
335,,Roronoa Zoro,One Piece,Mythical,,Roronoa_Zoro_1028.jpg,C:\Users\kalaw\OneDrive\Desktop\waifuscraper\downloads\images\OrinX_Character_Database\Roronoa_Zoro_1028.jpg,OrinX Character Database,1028,2026-08-28T20:29:55.416838
336,,Portgas D. Ace,One Piece,Rare,,Portgas_D._Ace_1029.jpg,C:\Users\kalaw\OneDrive\Desktop\waifuscraper\downloads\images\OrinX_Character_Database\Portgas_D._Ace_1029.jpg,OrinX Character Database,1029,2026-08-28T20:30:01.832274
337,,Grace Howard [💞],Zenless Zone Zero,Mythical,,Grace_Howard_[💞]_1030.jpg,C:\Users\kalaw\OneDrive\Desktop\waifuscraper\downloads\images\OrinX_Character_Database\Grace_Howard_[💞]_1030.jpg,OrinX Character Database,1030,2026-08-28T20:30:03.245854
338,,Rem,Re:Zero − Starting Life in Another World,Uncommon,,Rem_1031.jpg,C:\Users\kalaw\OneDrive\Desktop\waifuscraper\downloads\images\OrinX_Character_Database\Rem_1031.jpg,OrinX Character Database,1031,2026-08-28T20:30:06.987790
339,,L [🏅],Death Note,Uncommon,,L_[🏅]_1032.jpg,C:\Users\kalaw\OneDrive\Desktop\waifuscraper\downloads\images\OrinX_Character_Database\L_[🏅]_1032.jpg,OrinX Character Database,1032,2026-08-28T20:30:10.988319
340,,Isagi Yoichi [👘],Blue Lock,Common,],Isagi_Yoichi_[👘]_1033.jpg,C:\Users\kalaw\OneDrive\Desktop\waifuscraper\downloads\images\OrinX_Character_Database\Isagi_Yoichi_[👘]_1033.jpg,OrinX Character Database,1033,2026-08-28T20:30:11.773238
341,,Yumeko Jabami [💠],Kakegurui,Divine,,Yumeko_Jabami_[💠]_1034.jpg,C:\Users\kalaw\OneDrive\Desktop\waifuscraper\downloads\images\OrinX_Character_Database\Yumeko_Jabami_[💠]_1034.jpg,OrinX Character Database,1034,2026-08-28T20:30:12.702112
342,,Frey [👘],That Time I Got Reincarnated as a Slime,Legendary,],Frey_[👘]_1035.jpg,C:\Users\kalaw\OneDrive\Desktop\waifuscraper\downloads\images\OrinX_Character_Database\Frey_[👘]_1035.jpg,OrinX Character Database,1035,2026-08-28T20:30:13.551666
343,,Uchiha Itachi [🎞],Naruto/Boruto,OrinVd,,,,OrinX Character Database,1036,2026-08-28T20:30:13.617877
344,,Uzumaki Naruto [🎞],Naruto/Boruto,OrinVd,,,,OrinX Character Database,1037,2026-08-28T20:30:13.679980
345,,Chainsawman [🎞],Chainsawman,OrinVd,,,,OrinX Character Database,1038,2026-08-28T20:30:13.742512
346,,Tanjiro Kamado [🎞],Demon Slayer,OrinVd,,,,OrinX Character Database,1039,2026-08-28T20:30:13.820186
347,,Jujusut Kaisen Verse [🎞],Jujusut Kaisen,OrinVd,,,,OrinX Character Database,1040,2026-08-28T20:30:14.529561
348,,Arlecchino [🎒],Genshin Impact [🎮],Divine,,Arlecchino_[🎒]_1041.jpg,C:\Users\kalaw\OneDrive\Desktop\waifuscraper\downloads\images\OrinX_Character_Database\Arlecchino_[🎒]_1041.jpg,OrinX Character Database,1041,2026-08-28T20:30:15.336519
349,102,Monkey D. Luffy X Eren Yeager [🎞],CrossVerse,OrinVd,,,,OrinX Character Database,1042,2026-08-28T20:30:15.409137
350,,Tenza Yamada Asaemon,Hell's Paradise,Uncommon,,Tenza_Yamada_Asaemon_1043.jpg,C:\Users\kalaw\OneDrive\Desktop\waifuscraper\downloads\images\OrinX_Character_Database\Tenza_Yamada_Asaemon_1043.jpg,OrinX Character Database,1043,2026-08-28T20:30:16.235001
351,,Mereoleona Vermillion,Black Clover,Mythical,,Mereoleona_Vermillion_1044.jpg,C:\Users\kalaw\OneDrive\Desktop\waifuscraper\downloads\images\OrinX_Character_Database\Mereoleona_Vermillion_1044.jpg,OrinX Character Database,1044,2026-08-28T20:30:16.957826
352,,Erwin Smith,Attack On Titan,Rare,,Erwin_Smith_1045.jpg,C:\Users\kalaw\OneDrive\Desktop\waifuscraper\downloads\images\OrinX_Character_Database\Erwin_Smith_1045.jpg,OrinX Character Database,1045,2026-08-28T20:30:17.676318
353,,Kagura Yato,Gintama,Rare,,Kagura_Yato_1046.jpg,C:\Users\kalaw\OneDrive\Desktop\waifuscraper\downloads\images\OrinX_Character_Database\Kagura_Yato_1046.jpg,OrinX Character Database,1046,2026-08-28T20:30:18.333826
354,,Yelan,Genshin Impact [🎮],Legendary,,Yelan_1047.jpg,C:\Users\kalaw\OneDrive\Desktop\waifuscraper\downloads\images\OrinX_Character_Database\Yelan_1047.jpg,OrinX Character Database,1047,2026-08-28T20:30:19.160388
355,,Misa amane [🥷],Death Note,Supreme,,Misa_amane_[🥷]_1048.jpg,C:\Users\kalaw\OneDrive\Desktop\waifuscraper\downloads\images\OrinX_Character_Database\Misa_amane_[🥷]_1048.jpg,OrinX Character Database,1048,2026-08-28T20:30:19.948381
356,,Yoru,Chain Saw Man,Mythical,,Yoru_1049.jpg,C:\Users\kalaw\OneDrive\Desktop\waifuscraper\downloads\images\OrinX_Character_Database\Yoru_1049.jpg,OrinX Character Database,1049,2026-08-28T20:30:20.749778
357,,Naruto & Jiraiya,Naruto/Boruto,Mythical,,Naruto_&_Jiraiya_1050.jpg,C:\Users\kalaw\OneDrive\Desktop\waifuscraper\downloads\images\OrinX_Character_Database\Naruto_&_Jiraiya_1050.jpg,OrinX Character Database,1050,2026-08-28T20:30:21.954783
358,,Lucy Heartfilia,Fairy Tail,Divine,,Lucy_Heartfilia_1051.jpg,C:\Users\kalaw\OneDrive\Desktop\waifuscraper\downloads\images\OrinX_Character_Database\Lucy_Heartfilia_1051.jpg,OrinX Character Database,1051,2026-08-28T20:30:23.290167
359,,Fischl [🎃],Genshin Impact [🎮],Legendary,],Fischl_[🎃]_1052.jpg,C:\Users\kalaw\OneDrive\Desktop\waifuscraper\downloads\images\OrinX_Character_Database\Fischl_[🎃]_1052.jpg,OrinX Character Database,1052,2026-08-28T20:30:24.104224
360,,Lumine [🎃],Genshin Impact [🎮],Divine,],Lumine_[🎃]_1053.jpg,C:\Users\kalaw\OneDrive\Desktop\waifuscraper\downloads\images\OrinX_Character_Database\Lumine_[🎃]_1053.jpg,OrinX Character Database,1053,2026-08-28T20:30:24.807070
361,,Boa Hancock [🎃],One Piece,Divine,],Boa_Hancock_[🎃]_1054.jpg,C:\Users\kalaw\OneDrive\Desktop\waifuscraper\downloads\images\OrinX_Character_Database\Boa_Hancock_[🎃]_1054.jpg,OrinX Character Database,1054,2026-08-28T20:30:25.572915
362,,Fleurdelys [🥷],Wuthering Waves [🎮],Supreme,,Fleurdelys_[🥷]_1055.jpg,C:\Users\kalaw\OneDrive\Desktop\waifuscraper\downloads\images\OrinX_Character_Database\Fleurdelys_[🥷]_1055.jpg,OrinX Character Database,1055,2026-08-28T20:30:28.110247
363,,Yuuki asuna & Alice Zuberg [👘],Sword Art Online,Legendary,],Yuuki_asuna_&_Alice_Zuberg_[👘]_1056.jpg,C:\Users\kalaw\OneDrive\Desktop\waifuscraper\downloads\images\OrinX_Character_Database\Yuuki_asuna_&_Alice_Zuberg_[👘]_1056.jpg,OrinX Character Database,1056,2026-08-28T20:30:29.207858
364,,Killer Queen,Jojo's Bizarre Adventure,Uncommon,,Killer_Queen_1057.jpg,C:\Users\kalaw\OneDrive\Desktop\waifuscraper\downloads\images\OrinX_Character_Database\Killer_Queen_1057.jpg,OrinX Character Database,1057,2026-08-28T20:30:30.050389
365,,Chitoge Kirisaki,Nisekoi : False Love,Legendary,,Chitoge_Kirisaki_1058.jpg,C:\Users\kalaw\OneDrive\Desktop\waifuscraper\downloads\images\OrinX_Character_Database\Chitoge_Kirisaki_1058.jpg,OrinX Character Database,1058,2026-08-28T20:30:30.941057
366,,Nessa,Pokémon Series,Rare,,Nessa_1059.jpg,C:\Users\kalaw\OneDrive\Desktop\waifuscraper\downloads\images\OrinX_Character_Database\Nessa_1059.jpg,OrinX Character Database,1059,2026-08-28T20:30:31.676341
367,,Akeno Himejima [🧹],High School DxD,Uncommon,,Akeno_Himejima_[🧹]_1060.jpg,C:\Users\kalaw\OneDrive\Desktop\waifuscraper\downloads\images\OrinX_Character_Database\Akeno_Himejima_[🧹]_1060.jpg,OrinX Character Database,1060,2026-08-28T20:30:32.364387
368,,Nia Teppelin [🏖],Gurren Lagann,Rare,,Nia_Teppelin_[🏖]_1061.jpg,C:\Users\kalaw\OneDrive\Desktop\waifuscraper\downloads\images\OrinX_Character_Database\Nia_Teppelin_[🏖]_1061.jpg,OrinX Character Database,1061,2026-08-28T20:30:33.097975
369,,Mitsuki Kiryu,Wind Breaker,Common,,Mitsuki_Kiryu_1062.jpg,C:\Users\kalaw\OneDrive\Desktop\waifuscraper\downloads\images\OrinX_Character_Database\Mitsuki_Kiryu_1062.jpg,OrinX Character Database,1062,2026-08-28T20:30:34.099453
370,,Nanami Mami [🪶],Rent-A-Girlfriend,Legendary,,Nanami_Mami_[🪶]_1063.jpg,C:\Users\kalaw\OneDrive\Desktop\waifuscraper\downloads\images\OrinX_Character_Database\Nanami_Mami_[🪶]_1063.jpg,OrinX Character Database,1063,2026-08-28T20:30:35.727034
371,,Leone [👘],Akame ga kill,Rare,],Leone_[👘]_1064.jpg,C:\Users\kalaw\OneDrive\Desktop\waifuscraper\downloads\images\OrinX_Character_Database\Leone_[👘]_1064.jpg,OrinX Character Database,1064,2026-08-28T20:30:38.939349
372,,Imai Cosmo,Kengan Ashura,Common,,Imai_Cosmo_1065.jpg,C:\Users\kalaw\OneDrive\Desktop\waifuscraper\downloads\images\OrinX_Character_Database\Imai_Cosmo_1065.jpg,OrinX Character Database,1065,2026-08-28T20:30:39.957767
373,,Ivankov,One Piece,Common,,Ivankov_1066.jpg,C:\Users\kalaw\OneDrive\Desktop\waifuscraper\downloads\images\OrinX_Character_Database\Ivankov_1066.jpg,OrinX Character Database,1066,2026-08-28T20:30:40.860004
374,,Xenovia [🩺],High School DxD,Legendary,,Xenovia_[🩺]_1067.jpg,C:\Users\kalaw\OneDrive\Desktop\waifuscraper\downloads\images\OrinX_Character_Database\Xenovia_[🩺]_1067.jpg,OrinX Character Database,1067,2026-08-28T20:30:41.795758
375,,Nico Robin [🧪],One Piece,Mythical,,Nico_Robin_[🧪]_1068.jpg,C:\Users\kalaw\OneDrive\Desktop\waifuscraper\downloads\images\OrinX_Character_Database\Nico_Robin_[🧪]_1068.jpg,OrinX Character Database,1068,2026-08-28T20:30:43.085495
376,,Blackpink [🎬],],OrinVd,,,,OrinX Character Database,1069,2026-08-28T20:30:43.157776
377,,Lisa [🎬],],OrinVd,,,,OrinX Character Database,1070,2026-08-28T20:30:43.220920
378,,Jisoo [🎬],],OrinVd,,,,OrinX Character Database,1071,2026-08-28T20:30:43.283637
379,,Rose [🎬],],OrinVd,,,,OrinX Character Database,1072,2026-08-28T20:30:43.344627
380,,Jennie [🎬],],OrinVd,,,,OrinX Character Database,1073,2026-08-28T20:30:43.407215
381,,Robin [🧹],Honkai: Star Rail [🎮],Rare,,Robin_[🧹]_1074.jpg,C:\Users\kalaw\OneDrive\Desktop\waifuscraper\downloads\images\OrinX_Character_Database\Robin_[🧹]_1074.jpg,OrinX Character Database,1074,2026-08-28T20:30:44.463474
382,,Mei Mei [💠],Jujusut Kaisen,Divine,,Mei_Mei_[💠]_1075.jpg,C:\Users\kalaw\OneDrive\Desktop\waifuscraper\downloads\images\OrinX_Character_Database\Mei_Mei_[💠]_1075.jpg,OrinX Character Database,1075,2026-08-28T20:30:45.694378
383,,Mirajane Strauss [🎄],Fairy Tail,Rare,],Mirajane_Strauss_[🎄]_1076.jpg,C:\Users\kalaw\OneDrive\Desktop\waifuscraper\downloads\images\OrinX_Character_Database\Mirajane_Strauss_[🎄]_1076.jpg,OrinX Character Database,1076,2026-08-28T20:30:46.534453
384,,Aura The Guillotine [👘],Frieren: Beyond Journey's End,Mythical,],Aura_The_Guillotine_[👘]_1077.jpg,C:\Users\kalaw\OneDrive\Desktop\waifuscraper\downloads\images\OrinX_Character_Database\Aura_The_Guillotine_[👘]_1077.jpg,OrinX Character Database,1077,2026-08-28T20:30:47.522551
385,,Sogeking,One Piece,Rare,,Sogeking_1078.jpg,C:\Users\kalaw\OneDrive\Desktop\waifuscraper\downloads\images\OrinX_Character_Database\Sogeking_1078.jpg,OrinX Character Database,1078,2026-08-28T20:30:48.336152
386,,kafka,Honkai: Star Rail [🎮],Mythical,,kafka_1079.jpg,C:\Users\kalaw\OneDrive\Desktop\waifuscraper\downloads\images\OrinX_Character_Database\kafka_1079.jpg,OrinX Character Database,1079,2026-08-28T20:30:49.273372
387,,Anachiro [🩺],Goddess of Victory: Nikke,Mythical,,Anachiro_[🩺]_1080.jpg,C:\Users\kalaw\OneDrive\Desktop\waifuscraper\downloads\images\OrinX_Character_Database\Anachiro_[🩺]_1080.jpg,OrinX Character Database,1080,2026-08-28T20:30:49.932808
388,,Henry Stein & Norman Polk,Bendy and the ink machine,Uncommon,,Henry_Stein_&_Norman_Polk_1081.jpg,C:\Users\kalaw\OneDrive\Desktop\waifuscraper\downloads\images\OrinX_Character_Database\Henry_Stein_&_Norman_Polk_1081.jpg,OrinX Character Database,1081,2026-08-28T20:30:50.738771
389,,Kayoko,Blue Archive,Uncommon,,Kayoko_1082.jpg,C:\Users\kalaw\OneDrive\Desktop\waifuscraper\downloads\images\OrinX_Character_Database\Kayoko_1082.jpg,OrinX Character Database,1082,2026-08-28T20:30:51.542398
390,,Kallen Stadtfeld,Code Geass,Legendary,,Kallen_Stadtfeld_1083.jpg,C:\Users\kalaw\OneDrive\Desktop\waifuscraper\downloads\images\OrinX_Character_Database\Kallen_Stadtfeld_1083.jpg,OrinX Character Database,1083,2026-08-28T20:30:52.476621
391,,Hana Uzaki [🏖],Uzaki-chan Wants to Hang Out,Uncommon,,Hana_Uzaki_[🏖]_1084.jpg,C:\Users\kalaw\OneDrive\Desktop\waifuscraper\downloads\images\OrinX_Character_Database\Hana_Uzaki_[🏖]_1084.jpg,OrinX Character Database,1084,2026-08-28T20:30:53.270641
392,,Hana Uzaki,Uzaki-chan Wants to Hang Out,Rare,,Hana_Uzaki_1085.jpg,C:\Users\kalaw\OneDrive\Desktop\waifuscraper\downloads\images\OrinX_Character_Database\Hana_Uzaki_1085.jpg,OrinX Character Database,1085,2026-08-28T20:30:54.331364
393,,Saitama,One Punch Man,Uncommon,,Saitama_1086.jpg,C:\Users\kalaw\OneDrive\Desktop\waifuscraper\downloads\images\OrinX_Character_Database\Saitama_1086.jpg,OrinX Character Database,1086,2026-08-28T20:30:55.676750
394,,Ruby Hoshino [👘],Oshi No Ko,Legendary,],Ruby_Hoshino_[👘]_1087.jpg,C:\Users\kalaw\OneDrive\Desktop\waifuscraper\downloads\images\OrinX_Character_Database\Ruby_Hoshino_[👘]_1087.jpg,OrinX Character Database,1087,2026-08-28T20:31:09.640065
395,,kafka,Honkai: Star Rail [🎮],Mythical,,kafka_1088.jpg,C:\Users\kalaw\OneDrive\Desktop\waifuscraper\downloads\images\OrinX_Character_Database\kafka_1088.jpg,OrinX Character Database,1088,2026-08-28T20:31:19.851805
396,,Chunli,Street Fighter,Rare,,Chunli_1089.jpg,C:\Users\kalaw\OneDrive\Desktop\waifuscraper\downloads\images\OrinX_Character_Database\Chunli_1089.jpg,OrinX Character Database,1089,2026-08-28T20:31:21.458894
397,,Akame [☃],Akame ga kill!,Rare,,Akame_[☃]_1090.jpg,C:\Users\kalaw\OneDrive\Desktop\waifuscraper\downloads\images\OrinX_Character_Database\Akame_[☃]_1090.jpg,OrinX Character Database,1090,2026-08-28T20:31:22.661408
398,,Yu Seolha,The World After The End,Legendary,,Yu_Seolha_1091.jpg,C:\Users\kalaw\OneDrive\Desktop\waifuscraper\downloads\images\OrinX_Character_Database\Yu_Seolha_1091.jpg,OrinX Character Database,1091,2026-08-28T20:31:23.450428
399,,Solgaleo,Pokémon Series,Common,,Solgaleo_1092.jpg,C:\Users\kalaw\OneDrive\Desktop\waifuscraper\downloads\images\OrinX_Character_Database\Solgaleo_1092.jpg,OrinX Character Database,1092,2026-08-28T20:31:24.190697
400,,Rias Gremory [🥻],High School DxD,Uncommon,,Rias_Gremory_[🥻]_1093.jpg,C:\Users\kalaw\OneDrive\Desktop\waifuscraper\downloads\images\OrinX_Character_Database\Rias_Gremory_[🥻]_1093.jpg,OrinX Character Database,1093,2026-08-28T20:31:25.610507
401,,Seras Victoria [👘],Hellsing,Rare,],Seras_Victoria_[👘]_1094.jpg,C:\Users\kalaw\OneDrive\Desktop\waifuscraper\downloads\images\OrinX_Character_Database\Seras_Victoria_[👘]_1094.jpg,OrinX Character Database,1094,2026-08-28T20:31:27.109845
402,,Ashley Graves [🩺],The Coffin Andy And Leyley,Legendary,,Ashley_Graves_[🩺]_1095.jpg,C:\Users\kalaw\OneDrive\Desktop\waifuscraper\downloads\images\OrinX_Character_Database\Ashley_Graves_[🩺]_1095.jpg,OrinX Character Database,1095,2026-08-28T20:31:27.787307
403,,Mei Mei & Ui Ui,Jujusut Kaisen,Rare,,Mei_Mei_&_Ui_Ui_1096.jpg,C:\Users\kalaw\OneDrive\Desktop\waifuscraper\downloads\images\OrinX_Character_Database\Mei_Mei_&_Ui_Ui_1096.jpg,OrinX Character Database,1096,2026-08-28T20:31:28.394265
404,,Snow White,Goddess of Victory: Nikke,Rare,,Snow_White_1097.jpg,C:\Users\kalaw\OneDrive\Desktop\waifuscraper\downloads\images\OrinX_Character_Database\Snow_White_1097.jpg,OrinX Character Database,1097,2026-08-28T20:31:29.113310
405,,Rio Tsukatsuki,Blue Archive,Uncommon,,Rio_Tsukatsuki_1098.jpg,C:\Users\kalaw\OneDrive\Desktop\waifuscraper\downloads\images\OrinX_Character_Database\Rio_Tsukatsuki_1098.jpg,OrinX Character Database,1098,2026-08-28T20:31:30.067577
406,,Kirito & Asuna & Yui,Sword Art Online,Uncommon,,Kirito_&_Asuna_&_Yui_1099.jpg,C:\Users\kalaw\OneDrive\Desktop\waifuscraper\downloads\images\OrinX_Character_Database\Kirito_&_Asuna_&_Yui_1099.jpg,OrinX Character Database,1099,2026-08-28T20:31:31.221255
407,,Emilia,Re:Zero − Starting Life in Another World,Legendary,,Emilia_1100.jpg,C:\Users\kalaw\OneDrive\Desktop\waifuscraper\downloads\images\OrinX_Character_Database\Emilia_1100.jpg,OrinX Character Database,1100,2026-08-28T20:31:32.024371
408,,Reze,Chainsaw Man,Rare,,Reze_1101.jpg,C:\Users\kalaw\OneDrive\Desktop\waifuscraper\downloads\images\OrinX_Character_Database\Reze_1101.jpg,OrinX Character Database,1101,2026-08-28T20:31:34.505242
409,,Kaguya Shinomiya [🧹],Kaguya Sama : Love Is War,Legendary,,Kaguya_Shinomiya_[🧹]_1102.jpg,C:\Users\kalaw\OneDrive\Desktop\waifuscraper\downloads\images\OrinX_Character_Database\Kaguya_Shinomiya_[🧹]_1102.jpg,OrinX Character Database,1102,2026-08-28T20:31:35.977877
410,,Snare-Oh,Ben 10 Series,Uncommon,,Snare-Oh_1103.jpg,C:\Users\kalaw\OneDrive\Desktop\waifuscraper\downloads\images\OrinX_Character_Database\Snare-Oh_1103.jpg,OrinX Character Database,1103,2026-08-28T20:31:36.811119
411,,Tsukishiro Yanagi [🧹],Zenless Zone Zero,Rare,,Tsukishiro_Yanagi_[🧹]_1104.jpg,C:\Users\kalaw\OneDrive\Desktop\waifuscraper\downloads\images\OrinX_Character_Database\Tsukishiro_Yanagi_[🧹]_1104.jpg,OrinX Character Database,1104,2026-08-28T20:31:37.568153
412,,Kobeni higashiyama [👘],Chainsaw Man,Rare,],Kobeni_higashiyama_[👘]_1105.jpg,C:\Users\kalaw\OneDrive\Desktop\waifuscraper\downloads\images\OrinX_Character_Database\Kobeni_higashiyama_[👘]_1105.jpg,OrinX Character Database,1105,2026-08-28T20:31:38.352662
413,,Arlecchino [🧪],Genshin Impact [🎮],Divine,,Arlecchino_[🧪]_1106.jpg,C:\Users\kalaw\OneDrive\Desktop\waifuscraper\downloads\images\OrinX_Character_Database\Arlecchino_[🧪]_1106.jpg,OrinX Character Database,1106,2026-08-28T20:31:39.448468
414,,Navia [🧪],Genshin Impact [🎮],Divine,,Navia_[🧪]_1107.jpg,C:\Users\kalaw\OneDrive\Desktop\waifuscraper\downloads\images\OrinX_Character_Database\Navia_[🧪]_1107.jpg,OrinX Character Database,1107,2026-08-28T20:31:40.643290
415,,Camellya & Lady flora [💞],Wuthering Waves [🎮],Divine,,Camellya_&_Lady_flora_[💞]_1108.jpg,C:\Users\kalaw\OneDrive\Desktop\waifuscraper\downloads\images\OrinX_Character_Database\Camellya_&_Lady_flora_[💞]_1108.jpg,OrinX Character Database,1108,2026-08-28T20:31:42.093609
416,,Firefly & March 7th [🐰],Honkai: Star Rail [🎮],Mythical,,Firefly_&_March_7th_[🐰]_1109.jpg,C:\Users\kalaw\OneDrive\Desktop\waifuscraper\downloads\images\OrinX_Character_Database\Firefly_&_March_7th_[🐰]_1109.jpg,OrinX Character Database,1109,2026-08-28T20:31:42.921068
417,,Kurisu Makise [🧪],Steins Gate,Mythical,,Kurisu_Makise_[🧪]_1110.jpg,C:\Users\kalaw\OneDrive\Desktop\waifuscraper\downloads\images\OrinX_Character_Database\Kurisu_Makise_[🧪]_1110.jpg,OrinX Character Database,1110,2026-08-28T20:31:44.041447
418,,Furina [🧪],Genshin Impact [🎮],Divine,,Furina_[🧪]_1111.jpg,C:\Users\kalaw\OneDrive\Desktop\waifuscraper\downloads\images\OrinX_Character_Database\Furina_[🧪]_1111.jpg,OrinX Character Database,1111,2026-08-28T20:31:45.113781
419,,Shenhe,Genshin Impact [🎮],Divine,,Shenhe_1112.jpg,C:\Users\kalaw\OneDrive\Desktop\waifuscraper\downloads\images\OrinX_Character_Database\Shenhe_1112.jpg,OrinX Character Database,1112,2026-08-28T20:31:45.882612
420,,Yae miko [🧪],Genshin Impact [🎮],Divine,,Yae_miko_[🧪]_1113.jpg,C:\Users\kalaw\OneDrive\Desktop\waifuscraper\downloads\images\OrinX_Character_Database\Yae_miko_[🧪]_1113.jpg,OrinX Character Database,1113,2026-08-28T20:31:47.495798
421,,Raiden & Yae Miko,Genshin Impact [🎮],Divine,,Raiden_&_Yae_Miko_1114.jpg,C:\Users\kalaw\OneDrive\Desktop\waifuscraper\downloads\images\OrinX_Character_Database\Raiden_&_Yae_Miko_1114.jpg,OrinX Character Database,1114,2026-08-28T20:31:48.910157
422,,Tatsumaki [🧪],One Punch Man,Divine,,Tatsumaki_[🧪]_1115.jpg,C:\Users\kalaw\OneDrive\Desktop\waifuscraper\downloads\images\OrinX_Character_Database\Tatsumaki_[🧪]_1115.jpg,OrinX Character Database,1115,2026-08-28T20:31:50.610582
423,,Senjumaru Shutara [👘],Bleach,Divine,],Senjumaru_Shutara_[👘]_1116.jpg,C:\Users\kalaw\OneDrive\Desktop\waifuscraper\downloads\images\OrinX_Character_Database\Senjumaru_Shutara_[👘]_1116.jpg,OrinX Character Database,1116,2026-08-28T20:31:52.198170
424,,Yae Miko [💠],Genshin Impact [🎮],Mythical,,Yae_Miko_[💠]_1117.jpg,C:\Users\kalaw\OneDrive\Desktop\waifuscraper\downloads\images\OrinX_Character_Database\Yae_Miko_[💠]_1117.jpg,OrinX Character Database,1117,2026-08-28T20:31:53.477851
425,,Yamato [🧪],One Piece,Mythical,,Yamato_[🧪]_1118.jpg,C:\Users\kalaw\OneDrive\Desktop\waifuscraper\downloads\images\OrinX_Character_Database\Yamato_[🧪]_1118.jpg,OrinX Character Database,1118,2026-08-28T20:31:55.563555
426,,Eve X Yorha,CrossVerse,CrossVerse,,Eve_X_Yorha_1119.jpg,C:\Users\kalaw\OneDrive\Desktop\waifuscraper\downloads\images\OrinX_Character_Database\Eve_X_Yorha_1119.jpg,OrinX Character Database,1119,2026-08-28T20:31:56.237111
427,,Hinata Hyuga [🎄],Naruto/Boruto,Mythical,],Hinata_Hyuga_[🎄]_1120.jpg,C:\Users\kalaw\OneDrive\Desktop\waifuscraper\downloads\images\OrinX_Character_Database\Hinata_Hyuga_[🎄]_1120.jpg,OrinX Character Database,1120,2026-08-28T20:31:56.974364
428,,Jinhsi [☃],Wuthering Waves [🎮],Mythical,,Jinhsi_[☃]_1121.jpg,C:\Users\kalaw\OneDrive\Desktop\waifuscraper\downloads\images\OrinX_Character_Database\Jinhsi_[☃]_1121.jpg,OrinX Character Database,1121,2026-08-28T20:31:57.694636
429,,Himeno,Chainsaw Man,Divine,,Himeno_1122.jpg,C:\Users\kalaw\OneDrive\Desktop\waifuscraper\downloads\images\OrinX_Character_Database\Himeno_1122.jpg,OrinX Character Database,1122,2026-08-28T20:31:59.835211
430,,Ryo Yamada x Grimmjow Jaegerjaquez,CrossVerse,CrossVerse,,Ryo_Yamada_x_Grimmjow_Jaegerjaquez_1123.jpg,C:\Users\kalaw\OneDrive\Desktop\waifuscraper\downloads\images\OrinX_Character_Database\Ryo_Yamada_x_Grimmjow_Jaegerjaquez_1123.jpg,OrinX Character Database,1123,2026-08-28T20:32:00.689449
431,,Nami,One Piece,Divine,,Nami_1124.jpg,C:\Users\kalaw\OneDrive\Desktop\waifuscraper\downloads\images\OrinX_Character_Database\Nami_1124.jpg,OrinX Character Database,1124,2026-08-28T20:32:03.319215
432,,Sangonomiya Kokomi,Genshin Impact [🎮],Mythical,,Sangonomiya_Kokomi_1125.jpg,C:\Users\kalaw\OneDrive\Desktop\waifuscraper\downloads\images\OrinX_Character_Database\Sangonomiya_Kokomi_1125.jpg,OrinX Character Database,1125,2026-08-28T20:32:04.081429
433,,Sangonomiya Kokomi [🧪],Genshin Impact [🎮],Mythical,,Sangonomiya_Kokomi_[🧪]_1126.jpg,C:\Users\kalaw\OneDrive\Desktop\waifuscraper\downloads\images\OrinX_Character_Database\Sangonomiya_Kokomi_[🧪]_1126.jpg,OrinX Character Database,1126,2026-08-28T20:32:07.815977
434,,Jeanne,Fate Series,Divine,,Jeanne_1127.jpg,C:\Users\kalaw\OneDrive\Desktop\waifuscraper\downloads\images\OrinX_Character_Database\Jeanne_1127.jpg,OrinX Character Database,1127,2026-08-28T20:32:09.478052
435,,Yae Miko [💠],Genshin Impact [🎮],Mythical,,Yae_Miko_[💠]_1128.jpg,C:\Users\kalaw\OneDrive\Desktop\waifuscraper\downloads\images\OrinX_Character_Database\Yae_Miko_[💠]_1128.jpg,OrinX Character Database,1128,2026-08-28T20:32:11.866601
436,,Matou Sakura,Fate Series,Divine,,Matou_Sakura_1129.jpg,C:\Users\kalaw\OneDrive\Desktop\waifuscraper\downloads\images\OrinX_Character_Database\Matou_Sakura_1129.jpg,OrinX Character Database,1129,2026-08-28T20:32:12.862284
437,,Yae Miko,Genshin Impact [🎮],Mythical,,Yae_Miko_1130.jpg,C:\Users\kalaw\OneDrive\Desktop\waifuscraper\downloads\images\OrinX_Character_Database\Yae_Miko_1130.jpg,OrinX Character Database,1130,2026-08-28T20:32:14.305970
438,,Columbina [🎒],Genshin Impact [🎮],Mythical,,Columbina_[🎒]_1131.jpg,C:\Users\kalaw\OneDrive\Desktop\waifuscraper\downloads\images\OrinX_Character_Database\Columbina_[🎒]_1131.jpg,OrinX Character Database,1131,2026-08-28T20:32:15.414439
439,,Yae Miko [☃],Genshin Impact [🎮],Mythical,,Yae_Miko_[☃]_1132.jpg,C:\Users\kalaw\OneDrive\Desktop\waifuscraper\downloads\images\OrinX_Character_Database\Yae_Miko_[☃]_1132.jpg,OrinX Character Database,1132,2026-08-28T20:32:16.367241
440,,Nefertari D. Vivi [🧪],One Piece,Mythical,,Nefertari_D._Vivi_[🧪]_1133.jpg,C:\Users\kalaw\OneDrive\Desktop\waifuscraper\downloads\images\OrinX_Character_Database\Nefertari_D._Vivi_[🧪]_1133.jpg,OrinX Character Database,1133,2026-08-28T20:32:17.523612
441,,Jinhsi [💠],Wuthering Waves [🎮],Mythical,,Jinhsi_[💠]_1134.jpg,C:\Users\kalaw\OneDrive\Desktop\waifuscraper\downloads\images\OrinX_Character_Database\Jinhsi_[💠]_1134.jpg,OrinX Character Database,1134,2026-08-28T20:32:18.372984
442,,Yae Miko [🎄],Genshin Impact [🎮],Mythical,],Yae_Miko_[🎄]_1135.jpg,C:\Users\kalaw\OneDrive\Desktop\waifuscraper\downloads\images\OrinX_Character_Database\Yae_Miko_[🎄]_1135.jpg,OrinX Character Database,1135,2026-08-28T20:32:19.175644
443,,Kaguya Shinomiya [🎃],Kaguya Sama : Love Is War,Rare,],Kaguya_Shinomiya_[🎃]_1136.jpg,C:\Users\kalaw\OneDrive\Desktop\waifuscraper\downloads\images\OrinX_Character_Database\Kaguya_Shinomiya_[🎃]_1136.jpg,OrinX Character Database,1136,2026-08-28T20:32:23.657195
444,,Alisa Mikhailovna [🧪],Alya Sometimes Hides Her Feelings in Russian,Mythical,,Alisa_Mikhailovna_[🧪]_1137.jpg,C:\Users\kalaw\OneDrive\Desktop\waifuscraper\downloads\images\OrinX_Character_Database\Alisa_Mikhailovna_[🧪]_1137.jpg,OrinX Character Database,1137,2026-08-28T20:34:15.184020
445,,Hinata Hyuga [💠],Naruto/Boruto,Mythical,,Hinata_Hyuga_[💠]_1138.jpg,C:\Users\kalaw\OneDrive\Desktop\waifuscraper\downloads\images\OrinX_Character_Database\Hinata_Hyuga_[💠]_1138.jpg,OrinX Character Database,1138,2026-08-28T20:34:19.157065
446,,Arlecchino [🧪],Genshin Impact [🎮],Divine,,Arlecchino_[🧪]_1139.jpg,C:\Users\kalaw\OneDrive\Desktop\waifuscraper\downloads\images\OrinX_Character_Database\Arlecchino_[🧪]_1139.jpg,OrinX Character Database,1139,2026-08-28T20:34:20.439524
447,,Hiruzen Sarutobi,Naruto/Boruto,Common,,Hiruzen_Sarutobi_1140.jpg,C:\Users\kalaw\OneDrive\Desktop\waifuscraper\downloads\images\OrinX_Character_Database\Hiruzen_Sarutobi_1140.jpg,OrinX Character Database,1140,2026-08-28T20:34:22.772141
448,,YoRHA No. 2 Type B [🔞],NieR:Automata,Legendary,,YoRHA_No._2_Type_B_[🔞]_1141.jpg,C:\Users\kalaw\OneDrive\Desktop\waifuscraper\downloads\images\OrinX_Character_Database\YoRHA_No._2_Type_B_[🔞]_1141.jpg,OrinX Character Database,1141,2026-08-28T20:34:24.443830
449,,Rias Gremory [👘],High School DxD,Mythical,],Rias_Gremory_[👘]_1142.jpg,C:\Users\kalaw\OneDrive\Desktop\waifuscraper\downloads\images\OrinX_Character_Database\Rias_Gremory_[👘]_1142.jpg,OrinX Character Database,1142,2026-08-28T20:34:25.853154
450,,Nami [💠],One Piece,Divine,,Nami_[💠]_1143.jpg,C:\Users\kalaw\OneDrive\Desktop\waifuscraper\downloads\images\OrinX_Character_Database\Nami_[💠]_1143.jpg,OrinX Character Database,1143,2026-08-28T20:34:27.568588
451,,Geto Suguru,Jujutsu Kaisen,Divine,,Geto_Suguru_1144.jpg,C:\Users\kalaw\OneDrive\Desktop\waifuscraper\downloads\images\OrinX_Character_Database\Geto_Suguru_1144.jpg,OrinX Character Database,1144,2026-08-28T20:34:29.179042
452,,Light Yagami [🎞],Death Note,OrinVd,,,,OrinX Character Database,1145,2026-08-28T20:34:29.250172
453,,Horo Horo,Shaman King,Common,,Horo_Horo_1146.jpg,C:\Users\kalaw\OneDrive\Desktop\waifuscraper\downloads\images\OrinX_Character_Database\Horo_Horo_1146.jpg,OrinX Character Database,1146,2026-08-28T20:34:32.208576
454,,Jester Garandros,Black Clover,Common,,Jester_Garandros_1147.jpg,C:\Users\kalaw\OneDrive\Desktop\waifuscraper\downloads\images\OrinX_Character_Database\Jester_Garandros_1147.jpg,OrinX Character Database,1147,2026-08-28T20:34:33.219265
455,,Lalatina Dustiness Ford ( Darkness ),KonoSuba,Legendary,,Lalatina_Dustiness_Ford_(_Darkness_)_1148.jpg,C:\Users\kalaw\OneDrive\Desktop\waifuscraper\downloads\images\OrinX_Character_Database\Lalatina_Dustiness_Ford_(_Darkness_)_1148.jpg,OrinX Character Database,1148,2026-08-28T20:34:34.810904
456,,Monika & Yuri,Doki Doki Literature Club,Legendary,,Monika_&_Yuri_1149.jpg,C:\Users\kalaw\OneDrive\Desktop\waifuscraper\downloads\images\OrinX_Character_Database\Monika_&_Yuri_1149.jpg,OrinX Character Database,1149,2026-08-28T20:34:35.804739
457,,Yoichi Isagi,Blue Lock,Legendary,,Yoichi_Isagi_1150.jpg,C:\Users\kalaw\OneDrive\Desktop\waifuscraper\downloads\images\OrinX_Character_Database\Yoichi_Isagi_1150.jpg,OrinX Character Database,1150,2026-08-28T20:34:37.684005
458,,Nahamah & Lilith ( Final Form ),Black Clover,Uncommon,,Nahamah_&_Lilith_(_Final_Form_)_1151.jpg,C:\Users\kalaw\OneDrive\Desktop\waifuscraper\downloads\images\OrinX_Character_Database\Nahamah_&_Lilith_(_Final_Form_)_1151.jpg,OrinX Character Database,1151,2026-08-28T20:34:39.170799
459,,Katana Man,Chainsaw Man,Rare,,Katana_Man_1152.jpg,C:\Users\kalaw\OneDrive\Desktop\waifuscraper\downloads\images\OrinX_Character_Database\Katana_Man_1152.jpg,OrinX Character Database,1152,2026-08-28T20:34:39.930700
460,,Nami [🐰],One Piece,Mythical,,Nami_[🐰]_1153.jpg,C:\Users\kalaw\OneDrive\Desktop\waifuscraper\downloads\images\OrinX_Character_Database\Nami_[🐰]_1153.jpg,OrinX Character Database,1153,2026-08-28T20:34:41.529107
461,,Jean Kirstein,Attack On Titan,Legendary,,Jean_Kirstein_1154.jpg,C:\Users\kalaw\OneDrive\Desktop\waifuscraper\downloads\images\OrinX_Character_Database\Jean_Kirstein_1154.jpg,OrinX Character Database,1154,2026-08-28T20:34:47.782837
462,,Lucy Heartfilia [🏖],Fairy Tail,Common,,Lucy_Heartfilia_[🏖]_1155.jpg,C:\Users\kalaw\OneDrive\Desktop\waifuscraper\downloads\images\OrinX_Character_Database\Lucy_Heartfilia_[🏖]_1155.jpg,OrinX Character Database,1155,2026-08-28T20:34:48.943900
463,,Luck,Black Clover,Common,,Luck_1156.jpg,C:\Users\kalaw\OneDrive\Desktop\waifuscraper\downloads\images\OrinX_Character_Database\Luck_1156.jpg,OrinX Character Database,1156,2026-08-28T20:34:50.496873
464,,Gadjah,Black Clover,Common,,Gadjah_1157.jpg,C:\Users\kalaw\OneDrive\Desktop\waifuscraper\downloads\images\OrinX_Character_Database\Gadjah_1157.jpg,OrinX Character Database,1157,2026-08-28T20:34:51.212445
465,,Wiz,KonoSuba,Uncommon,,Wiz_1158.jpg,C:\Users\kalaw\OneDrive\Desktop\waifuscraper\downloads\images\OrinX_Character_Database\Wiz_1158.jpg,OrinX Character Database,1158,2026-08-28T20:34:52.902991
466,,Monkey D. Garp,One Piece,Legendary,,Monkey_D._Garp_1159.jpg,C:\Users\kalaw\OneDrive\Desktop\waifuscraper\downloads\images\OrinX_Character_Database\Monkey_D._Garp_1159.jpg,OrinX Character Database,1159,2026-08-28T20:34:53.964038
467,,Yae Miko,Genshin Impact [🎮],Divine,,Yae_Miko_1160.jpg,C:\Users\kalaw\OneDrive\Desktop\waifuscraper\downloads\images\OrinX_Character_Database\Yae_Miko_1160.jpg,OrinX Character Database,1160,2026-08-28T20:34:56.424760
468,,Miku Nakano [🏖],Quintessential Quintuplets,Legendary,,Miku_Nakano_[🏖]_1161.jpg,C:\Users\kalaw\OneDrive\Desktop\waifuscraper\downloads\images\OrinX_Character_Database\Miku_Nakano_[🏖]_1161.jpg,OrinX Character Database,1161,2026-08-28T20:34:57.359815
469,,Ragna & Woltekamui,Ragna Crimson,Uncommon,,Ragna_&_Woltekamui_1162.jpg,C:\Users\kalaw\OneDrive\Desktop\waifuscraper\downloads\images\OrinX_Character_Database\Ragna_&_Woltekamui_1162.jpg,OrinX Character Database,1162,2026-08-28T20:34:58.111331
470,,Noelle Silva,Black Clover,Rare,,Noelle_Silva_1163.jpg,C:\Users\kalaw\OneDrive\Desktop\waifuscraper\downloads\images\OrinX_Character_Database\Noelle_Silva_1163.jpg,OrinX Character Database,1163,2026-08-28T20:35:00.530232
471,,Jiyan [🗡],Wuthering Waves [🎮],Supreme,,Jiyan_[🗡]_1164.jpg,C:\Users\kalaw\OneDrive\Desktop\waifuscraper\downloads\images\OrinX_Character_Database\Jiyan_[🗡]_1164.jpg,OrinX Character Database,1164,2026-08-28T20:35:03.257543
472,,Alpha [🧪],The Eminence In Shadow,Legendary,,Alpha_[🧪]_1165.jpg,C:\Users\kalaw\OneDrive\Desktop\waifuscraper\downloads\images\OrinX_Character_Database\Alpha_[🧪]_1165.jpg,OrinX Character Database,1165,2026-08-28T20:35:04.870955
473,,Erza Scarlett,Fairy Tail,Legendary,,Erza_Scarlett_1166.jpg,C:\Users\kalaw\OneDrive\Desktop\waifuscraper\downloads\images\OrinX_Character_Database\Erza_Scarlett_1166.jpg,OrinX Character Database,1166,2026-08-28T20:35:05.929356
474,,Silver wolf [🎃],Honkai: Star Rail [🎮],Divine,],Silver_wolf_[🎃]_1167.jpg,C:\Users\kalaw\OneDrive\Desktop\waifuscraper\downloads\images\OrinX_Character_Database\Silver_wolf_[🎃]_1167.jpg,OrinX Character Database,1167,2026-08-28T20:35:07.864199
475,,Evelyn Chevalier [👘],Zenless Zone Zero,Legendary,],Evelyn_Chevalier_[👘]_1168.jpg,C:\Users\kalaw\OneDrive\Desktop\waifuscraper\downloads\images\OrinX_Character_Database\Evelyn_Chevalier_[👘]_1168.jpg,OrinX Character Database,1168,2026-08-28T20:35:09.138333
476,,Naruto Uzumaki & Hinata Hyuga [💞],Naruto/Boruto,Divine,,Naruto_Uzumaki_&_Hinata_Hyuga_[💞]_1169.jpg,C:\Users\kalaw\OneDrive\Desktop\waifuscraper\downloads\images\OrinX_Character_Database\Naruto_Uzumaki_&_Hinata_Hyuga_[💞]_1169.jpg,OrinX Character Database,1169,2026-08-28T20:35:10.792435
477,,Gojo Satoru [📔],Jujutsu Kaisen,Mythical,,Gojo_Satoru_[📔]_1170.jpg,C:\Users\kalaw\OneDrive\Desktop\waifuscraper\downloads\images\OrinX_Character_Database\Gojo_Satoru_[📔]_1170.jpg,OrinX Character Database,1170,2026-08-28T20:35:11.717990
478,,Ganyu [🧹],Genshin Impact [🎮],Legendary,,Ganyu_[🧹]_1171.jpg,C:\Users\kalaw\OneDrive\Desktop\waifuscraper\downloads\images\OrinX_Character_Database\Ganyu_[🧹]_1171.jpg,OrinX Character Database,1171,2026-08-28T20:35:12.610553
479,,Furina [💠],Genshin Impact [🎮],Divine,,Furina_[💠]_1172.jpg,C:\Users\kalaw\OneDrive\Desktop\waifuscraper\downloads\images\OrinX_Character_Database\Furina_[💠]_1172.jpg,OrinX Character Database,1172,2026-08-28T20:35:16.953152
480,,Yelan x Yorha,CrossVerse,CrossVerse,,Yelan_x_Yorha_1173.jpg,C:\Users\kalaw\OneDrive\Desktop\waifuscraper\downloads\images\OrinX_Character_Database\Yelan_x_Yorha_1173.jpg,OrinX Character Database,1173,2026-08-28T20:35:18.716268
481,,Mizuki [💞],Genshin Impact [🎮],Uncommon,,Mizuki_[💞]_1174.jpg,C:\Users\kalaw\OneDrive\Desktop\waifuscraper\downloads\images\OrinX_Character_Database\Mizuki_[💞]_1174.jpg,OrinX Character Database,1174,2026-08-28T20:35:20.259765
482,,Rengoku Kyojuro [🏅],Demon Slayer,Uncommon,,Rengoku_Kyojuro_[🏅]_1175.jpg,C:\Users\kalaw\OneDrive\Desktop\waifuscraper\downloads\images\OrinX_Character_Database\Rengoku_Kyojuro_[🏅]_1175.jpg,OrinX Character Database,1175,2026-08-28T20:35:21.247133
483,,Tanjiro Kamado & Kanao Tsuyuri [💞],Demon Slayer,Uncommon,,Tanjiro_Kamado_&_Kanao_Tsuyuri_[💞]_1176.jpg,C:\Users\kalaw\OneDrive\Desktop\waifuscraper\downloads\images\OrinX_Character_Database\Tanjiro_Kamado_&_Kanao_Tsuyuri_[💞]_1176.jpg,OrinX Character Database,1176,2026-08-28T20:35:23.043905
484,,Sanemi Shinazugawa,Demon Slayer,Uncommon,,Sanemi_Shinazugawa_1177.jpg,C:\Users\kalaw\OneDrive\Desktop\waifuscraper\downloads\images\OrinX_Character_Database\Sanemi_Shinazugawa_1177.jpg,OrinX Character Database,1177,2026-08-28T20:35:24.650542
485,,Qin Shi Huang,Record Of Ragnarok,Uncommon,,Qin_Shi_Huang_1178.jpg,C:\Users\kalaw\OneDrive\Desktop\waifuscraper\downloads\images\OrinX_Character_Database\Qin_Shi_Huang_1178.jpg,OrinX Character Database,1178,2026-08-28T20:35:26.240490
486,,Buddha [💠],Record Of Ragnarok,Common,,Buddha_[💠]_1179.jpg,C:\Users\kalaw\OneDrive\Desktop\waifuscraper\downloads\images\OrinX_Character_Database\Buddha_[💠]_1179.jpg,OrinX Character Database,1179,2026-08-28T20:35:28.485247
487,,Hades,Record Of Ragnarok,Common,,Hades_1180.jpg,C:\Users\kalaw\OneDrive\Desktop\waifuscraper\downloads\images\OrinX_Character_Database\Hades_1180.jpg,OrinX Character Database,1180,2026-08-28T20:35:29.899439
488,,Katarina,League of Legends,Uncommon,,Katarina_1181.jpg,C:\Users\kalaw\OneDrive\Desktop\waifuscraper\downloads\images\OrinX_Character_Database\Katarina_1181.jpg,OrinX Character Database,1181,2026-08-28T20:35:30.742638
489,,Samira,League of Legends,Uncommon,,Samira_1182.jpg,C:\Users\kalaw\OneDrive\Desktop\waifuscraper\downloads\images\OrinX_Character_Database\Samira_1182.jpg,OrinX Character Database,1182,2026-08-28T20:35:31.530504
490,,Irina Shidou [🎒],High School DxD,Common,,Irina_Shidou_[🎒]_1183.jpg,C:\Users\kalaw\OneDrive\Desktop\waifuscraper\downloads\images\OrinX_Character_Database\Irina_Shidou_[🎒]_1183.jpg,OrinX Character Database,1183,2026-08-28T20:35:32.368009
491,,Mrs.Yukinoshita & Mrs.Yuigahama,Oregairu,Uncommon,,Mrs.Yukinoshita_&_Mrs.Yuigahama_1184.jpg,C:\Users\kalaw\OneDrive\Desktop\waifuscraper\downloads\images\OrinX_Character_Database\Mrs.Yukinoshita_&_Mrs.Yuigahama_1184.jpg,OrinX Character Database,1184,2026-08-28T20:35:33.270072
492,,Saika Totsuka,Oregairu,Common,,Saika_Totsuka_1185.jpg,C:\Users\kalaw\OneDrive\Desktop\waifuscraper\downloads\images\OrinX_Character_Database\Saika_Totsuka_1185.jpg,OrinX Character Database,1185,2026-08-28T20:35:34.740372
493,,Delta [🎄],The Eminence In Shadow,Legendary,],Delta_[🎄]_1186.jpg,C:\Users\kalaw\OneDrive\Desktop\waifuscraper\downloads\images\OrinX_Character_Database\Delta_[🎄]_1186.jpg,OrinX Character Database,1186,2026-08-28T20:35:36.031561
494,,Cadis Eterma Di Raizel,Noblesse,Mythical,,Cadis_Eterma_Di_Raizel_1187.jpg,C:\Users\kalaw\OneDrive\Desktop\waifuscraper\downloads\images\OrinX_Character_Database\Cadis_Eterma_Di_Raizel_1187.jpg,OrinX Character Database,1187,2026-08-28T20:35:36.709640
495,,Lupa,Wuthering Waves [🎮],Legendary,,Lupa_1188.jpg,C:\Users\kalaw\OneDrive\Desktop\waifuscraper\downloads\images\OrinX_Character_Database\Lupa_1188.jpg,OrinX Character Database,1188,2026-08-28T20:35:37.509552
496,,Lupa [🏖],Wuthering Waves [🎮],Mythical,,Lupa_[🏖]_1189.jpg,C:\Users\kalaw\OneDrive\Desktop\waifuscraper\downloads\images\OrinX_Character_Database\Lupa_[🏖]_1189.jpg,OrinX Character Database,1189,2026-08-28T20:35:38.320682
497,,Sangonomiya Kokomi [👘,Genshin Impact [🎮],Legendary,,Sangonomiya_Kokomi_[👘_1190.jpg,C:\Users\kalaw\OneDrive\Desktop\waifuscraper\downloads\images\OrinX_Character_Database\Sangonomiya_Kokomi_[👘_1190.jpg,OrinX Character Database,1190,2026-08-28T20:35:39.584310
498,,Donquixote Doflamingo [🍷],One Piece,Legendary,,Donquixote_Doflamingo_[🍷]_1191.jpg,C:\Users\kalaw\OneDrive\Desktop\waifuscraper\downloads\images\OrinX_Character_Database\Donquixote_Doflamingo_[🍷]_1191.jpg,OrinX Character Database,1191,2026-08-28T20:35:40.904306
499,,Diluc,Genshin Impact [🎮],Legendary,,Diluc_1192.jpg,C:\Users\kalaw\OneDrive\Desktop\waifuscraper\downloads\images\OrinX_Character_Database\Diluc_1192.jpg,OrinX Character Database,1192,2026-08-28T20:35:43.124792
500,,Shiva,Record Of Ragnarok,Common,,Shiva_1193.jpg,C:\Users\kalaw\OneDrive\Desktop\waifuscraper\downloads\images\OrinX_Character_Database\Shiva_1193.jpg,OrinX Character Database,1193,2026-08-28T20:35:43.997617
501,,Kali,Record Of Ragnarok,Common,,Kali_1194.jpg,C:\Users\kalaw\OneDrive\Desktop\waifuscraper\downloads\images\OrinX_Character_Database\Kali_1194.jpg,OrinX Character Database,1194,2026-08-28T20:35:44.647457
502,,Leopold Vermillion,Black Clover,Common,,Leopold_Vermillion_1195.jpg,C:\Users\kalaw\OneDrive\Desktop\waifuscraper\downloads\images\OrinX_Character_Database\Leopold_Vermillion_1195.jpg,OrinX Character Database,1195,2026-08-28T20:35:45.698055
503,,Yoru & Makima [👘],Chainsaw Man,Mythical,],Yoru_&_Makima_[👘]_1196.jpg,C:\Users\kalaw\OneDrive\Desktop\waifuscraper\downloads\images\OrinX_Character_Database\Yoru_&_Makima_[👘]_1196.jpg,OrinX Character Database,1196,2026-08-28T20:35:47.718159
504,,Angel Devil [💠],Chainsaw Man,Legendary,,Angel_Devil_[💠]_1197.jpg,C:\Users\kalaw\OneDrive\Desktop\waifuscraper\downloads\images\OrinX_Character_Database\Angel_Devil_[💠]_1197.jpg,OrinX Character Database,1197,2026-08-28T20:35:51.285416
505,,Reze,Chainsaw Man,Legendary,,Reze_1198.jpg,C:\Users\kalaw\OneDrive\Desktop\waifuscraper\downloads\images\OrinX_Character_Database\Reze_1198.jpg,OrinX Character Database,1198,2026-08-28T20:35:52.204568
506,,Denji [🗡],Chainsaw Man,Supreme,,Denji_[🗡]_1199.jpg,C:\Users\kalaw\OneDrive\Desktop\waifuscraper\downloads\images\OrinX_Character_Database\Denji_[🗡]_1199.jpg,OrinX Character Database,1199,2026-08-28T20:35:55.224479
507,,Sosuke Aizen,Bleach,Divine,,Sosuke_Aizen_1200.jpg,C:\Users\kalaw\OneDrive\Desktop\waifuscraper\downloads\images\OrinX_Character_Database\Sosuke_Aizen_1200.jpg,OrinX Character Database,1200,2026-08-28T20:35:56.217512
508,,Ichigo Kurosaki & Rukia Kuchiki [🎒],Bleach,Legendary,,Ichigo_Kurosaki_&_Rukia_Kuchiki_[🎒]_1201.jpg,C:\Users\kalaw\OneDrive\Desktop\waifuscraper\downloads\images\OrinX_Character_Database\Ichigo_Kurosaki_&_Rukia_Kuchiki_[🎒]_1201.jpg,OrinX Character Database,1201,2026-08-28T20:35:56.972434
509,,Nelliel Tu Odelschwanck [👩‍💼],Bleach,Legendary,,Nelliel_Tu_Odelschwanck_[👩‍💼]_1202.jpg,C:\Users\kalaw\OneDrive\Desktop\waifuscraper\downloads\images\OrinX_Character_Database\Nelliel_Tu_Odelschwanck_[👩‍💼]_1202.jpg,OrinX Character Database,1202,2026-08-28T20:35:57.879862
510,,Nemu Kurotsuchi [🏖],Bleach,Rare,,Nemu_Kurotsuchi_[🏖]_1203.jpg,C:\Users\kalaw\OneDrive\Desktop\waifuscraper\downloads\images\OrinX_Character_Database\Nemu_Kurotsuchi_[🏖]_1203.jpg,OrinX Character Database,1203,2026-08-28T20:35:59.054118
511,,Kurosaki Ichigo [📔],Bleach,Mythical,,Kurosaki_Ichigo_[📔]_1204.jpg,C:\Users\kalaw\OneDrive\Desktop\waifuscraper\downloads\images\OrinX_Character_Database\Kurosaki_Ichigo_[📔]_1204.jpg,OrinX Character Database,1204,2026-08-28T20:35:59.820056
512,,Gojo Satoru,Jujusut Kaisen,Mythical,,Gojo_Satoru_1205.jpg,C:\Users\kalaw\OneDrive\Desktop\waifuscraper\downloads\images\OrinX_Character_Database\Gojo_Satoru_1205.jpg,OrinX Character Database,1205,2026-08-28T20:36:02.732294
513,,Vinsmoke Reiju [🩺],One Piece,Rare,,Vinsmoke_Reiju_[🩺]_1206.jpg,C:\Users\kalaw\OneDrive\Desktop\waifuscraper\downloads\images\OrinX_Character_Database\Vinsmoke_Reiju_[🩺]_1206.jpg,OrinX Character Database,1206,2026-08-28T20:36:03.489087
514,,Shorekeeper,Wuthering Waves [🎮],Legendary,,Shorekeeper_1207.jpg,C:\Users\kalaw\OneDrive\Desktop\waifuscraper\downloads\images\OrinX_Character_Database\Shorekeeper_1207.jpg,OrinX Character Database,1207,2026-08-28T20:36:04.295110
515,,Uta [🎃],One Piece,Divine,],Uta_[🎃]_1208.jpg,C:\Users\kalaw\OneDrive\Desktop\waifuscraper\downloads\images\OrinX_Character_Database\Uta_[🎃]_1208.jpg,OrinX Character Database,1208,2026-08-28T20:36:05.992886
516,,Nagatoro Hayase [🎩],Don'T Toy With Me Miss Nagatoro,Legendary,,Nagatoro_Hayase_[🎩]_1209.jpg,C:\Users\kalaw\OneDrive\Desktop\waifuscraper\downloads\images\OrinX_Character_Database\Nagatoro_Hayase_[🎩]_1209.jpg,OrinX Character Database,1209,2026-08-28T20:36:06.668580
517,,Urawa Hanako [🎒],Blue Archive,Legendary,,Urawa_Hanako_[🎒]_1210.jpg,C:\Users\kalaw\OneDrive\Desktop\waifuscraper\downloads\images\OrinX_Character_Database\Urawa_Hanako_[🎒]_1210.jpg,OrinX Character Database,1210,2026-08-28T20:36:08.156262
518,,Douma,Demon Slayer,Legendary,,Douma_1211.jpg,C:\Users\kalaw\OneDrive\Desktop\waifuscraper\downloads\images\OrinX_Character_Database\Douma_1211.jpg,OrinX Character Database,1211,2026-08-28T20:36:13.802657
519,,Arthur Leywin,The beginning after the end,Mythical,,Arthur_Leywin_1212.jpg,C:\Users\kalaw\OneDrive\Desktop\waifuscraper\downloads\images\OrinX_Character_Database\Arthur_Leywin_1212.jpg,OrinX Character Database,1212,2026-08-28T20:36:15.871534
520,,Jhin,League of Legends,Common,,Jhin_1213.jpg,C:\Users\kalaw\OneDrive\Desktop\waifuscraper\downloads\images\OrinX_Character_Database\Jhin_1213.jpg,OrinX Character Database,1213,2026-08-28T20:36:17.493124
521,,Tiaplate,Ishuzoku Reviewers,Legendary,,Tiaplate_1214.jpg,C:\Users\kalaw\OneDrive\Desktop\waifuscraper\downloads\images\OrinX_Character_Database\Tiaplate_1214.jpg,OrinX Character Database,1214,2026-08-28T20:36:18.957710
522,,Bunny Joe,One Piece,Common,,Bunny_Joe_1215.jpg,C:\Users\kalaw\OneDrive\Desktop\waifuscraper\downloads\images\OrinX_Character_Database\Bunny_Joe_1215.jpg,OrinX Character Database,1215,2026-08-28T20:36:20.161037
523,,Rhinedottir [🎒],Genshin Impact [🎮],Legendary,,Rhinedottir_[🎒]_1216.jpg,C:\Users\kalaw\OneDrive\Desktop\waifuscraper\downloads\images\OrinX_Character_Database\Rhinedottir_[🎒]_1216.jpg,OrinX Character Database,1216,2026-08-28T20:36:21.084328
524,,Rukia Kuchiki,Bleach,Rare,,Rukia_Kuchiki_1217.jpg,C:\Users\kalaw\OneDrive\Desktop\waifuscraper\downloads\images\OrinX_Character_Database\Rukia_Kuchiki_1217.jpg,OrinX Character Database,1217,2026-08-28T20:36:22.792315
525,,Fischl [👘],Genshin Impact [🎮],Uncommon,],Fischl_[👘]_1218.jpg,C:\Users\kalaw\OneDrive\Desktop\waifuscraper\downloads\images\OrinX_Character_Database\Fischl_[👘]_1218.jpg,OrinX Character Database,1218,2026-08-28T20:36:25.205794
526,,Shenhe,Genshin Impact [🎮],Common,,Shenhe_1219.jpg,C:\Users\kalaw\OneDrive\Desktop\waifuscraper\downloads\images\OrinX_Character_Database\Shenhe_1219.jpg,OrinX Character Database,1219,2026-08-28T20:36:26.398687
527,,Arlecchino x Kafka,CrossVerse,CrossVerse,,Arlecchino_x_Kafka_1220.jpg,C:\Users\kalaw\OneDrive\Desktop\waifuscraper\downloads\images\OrinX_Character_Database\Arlecchino_x_Kafka_1220.jpg,OrinX Character Database,1220,2026-08-28T20:36:27.961937
528,,Asuna [🩺],Blue Archive,Uncommon,,Asuna_[🩺]_1221.jpg,C:\Users\kalaw\OneDrive\Desktop\waifuscraper\downloads\images\OrinX_Character_Database\Asuna_[🩺]_1221.jpg,OrinX Character Database,1221,2026-08-28T20:36:28.907971
529,,Castorice [🐰],Honkai: Star Rail [🎮],Legendary,,Castorice_[🐰]_1222.jpg,C:\Users\kalaw\OneDrive\Desktop\waifuscraper\downloads\images\OrinX_Character_Database\Castorice_[🐰]_1222.jpg,OrinX Character Database,1222,2026-08-28T20:36:30.750767
530,,Maki Zenin [🎄],Jujutsu Kaisen,Rare,],Maki_Zenin_[🎄]_1223.jpg,C:\Users\kalaw\OneDrive\Desktop\waifuscraper\downloads\images\OrinX_Character_Database\Maki_Zenin_[🎄]_1223.jpg,OrinX Character Database,1223,2026-08-28T20:36:31.800006
531,,Shido Itsuka,Date a Live,Rare,,Shido_Itsuka_1224.jpg,C:\Users\kalaw\OneDrive\Desktop\waifuscraper\downloads\images\OrinX_Character_Database\Shido_Itsuka_1224.jpg,OrinX Character Database,1224,2026-08-28T20:36:33.292885
532,,Aza Chobei [👘],Hell's Paradise,Common,],Aza_Chobei_[👘]_1225.jpg,C:\Users\kalaw\OneDrive\Desktop\waifuscraper\downloads\images\OrinX_Character_Database\Aza_Chobei_[👘]_1225.jpg,OrinX Character Database,1225,2026-08-28T20:36:34.894350
533,,Vinsmoke Sanji [🎞],One Piece,OrinVd,,,,OrinX Character Database,1226,2026-08-28T20:36:34.961310
534,,Rin Nohara [🥷],Naruto/Boruto,Supreme,,Rin_Nohara_[🥷]_1227.jpg,C:\Users\kalaw\OneDrive\Desktop\waifuscraper\downloads\images\OrinX_Character_Database\Rin_Nohara_[🥷]_1227.jpg,OrinX Character Database,1227,2026-08-28T20:36:37.694208
535,,Tanjiro Kamado,Demon Slayer,Mythical,,Tanjiro_Kamado_1228.jpg,C:\Users\kalaw\OneDrive\Desktop\waifuscraper\downloads\images\OrinX_Character_Database\Tanjiro_Kamado_1228.jpg,OrinX Character Database,1228,2026-08-28T20:36:43.346373
536,,Levi Ackerman [🧑],Attack On Titan,Legendary,,Levi_Ackerman_[🧑]_1229.jpg,C:\Users\kalaw\OneDrive\Desktop\waifuscraper\downloads\images\OrinX_Character_Database\Levi_Ackerman_[🧑]_1229.jpg,OrinX Character Database,1229,2026-08-28T20:36:44.288970
537,,Poseidon,Record Of Ragnarok,Uncommon,,Poseidon_1230.jpg,C:\Users\kalaw\OneDrive\Desktop\waifuscraper\downloads\images\OrinX_Character_Database\Poseidon_1230.jpg,OrinX Character Database,1230,2026-08-28T20:36:45.633729
538,,Madara Uchiha & Obito Uchiha [🎞],Narut/Boruto,OrinVd,,,,OrinX Character Database,1231,2026-08-28T20:36:45.703127
539,,Kaguya Otsutsuki,Naruto/Boruto,Divine,,Kaguya_Otsutsuki_1232.jpg,C:\Users\kalaw\OneDrive\Desktop\waifuscraper\downloads\images\OrinX_Character_Database\Kaguya_Otsutsuki_1232.jpg,OrinX Character Database,1232,2026-08-28T20:36:48.272464
540,,Roronoa Zoro,One Piece,Divine,,Roronoa_Zoro_1233.jpg,C:\Users\kalaw\OneDrive\Desktop\waifuscraper\downloads\images\OrinX_Character_Database\Roronoa_Zoro_1233.jpg,OrinX Character Database,1233,2026-08-28T20:36:52.360207
541,,Yuta Okkotsu,Jujutsu Kaisen,Divine,,Yuta_Okkotsu_1234.jpg,C:\Users\kalaw\OneDrive\Desktop\waifuscraper\downloads\images\OrinX_Character_Database\Yuta_Okkotsu_1234.jpg,OrinX Character Database,1234,2026-08-28T20:36:54.318740
542,,Himeno,Chainsaw Man,Mythical,,Himeno_1235.jpg,C:\Users\kalaw\OneDrive\Desktop\waifuscraper\downloads\images\OrinX_Character_Database\Himeno_1235.jpg,OrinX Character Database,1235,2026-08-28T20:36:56.194211
543,,Zeref Dragneel [☃],Fairy Tail,Divine,,Zeref_Dragneel_[☃]_1236.jpg,C:\Users\kalaw\OneDrive\Desktop\waifuscraper\downloads\images\OrinX_Character_Database\Zeref_Dragneel_[☃]_1236.jpg,OrinX Character Database,1236,2026-08-28T20:36:59.584979
544,,Marshall D. Teach,One Piece,Legendary,,Marshall_D._Teach_1237.jpg,C:\Users\kalaw\OneDrive\Desktop\waifuscraper\downloads\images\OrinX_Character_Database\Marshall_D._Teach_1237.jpg,OrinX Character Database,1237,2026-08-28T20:37:02.606585
545,,Asta,Black Clover,Divine,,Asta_1238.jpg,C:\Users\kalaw\OneDrive\Desktop\waifuscraper\downloads\images\OrinX_Character_Database\Asta_1238.jpg,OrinX Character Database,1238,2026-08-28T20:37:05.143462
546,,Gojo Satoru,Jujutsu Kaisen,Divine,,Gojo_Satoru_1239.jpg,C:\Users\kalaw\OneDrive\Desktop\waifuscraper\downloads\images\OrinX_Character_Database\Gojo_Satoru_1239.jpg,OrinX Character Database,1239,2026-08-28T20:37:07.790730
547,,Tsunade Senju [💠],Naruto/Boruto,Divine,,Tsunade_Senju_[💠]_1240.jpg,C:\Users\kalaw\OneDrive\Desktop\waifuscraper\downloads\images\OrinX_Character_Database\Tsunade_Senju_[💠]_1240.jpg,OrinX Character Database,1240,2026-08-28T20:37:10.138111
548,,Shinobu Kochou,Demon Slayer,Mythical,,Shinobu_Kochou_1241.jpg,C:\Users\kalaw\OneDrive\Desktop\waifuscraper\downloads\images\OrinX_Character_Database\Shinobu_Kochou_1241.jpg,OrinX Character Database,1241,2026-08-28T20:37:11.459589
549,,Shinobu Kochou,Demon Slayer,Divine,,Shinobu_Kochou_1242.jpg,C:\Users\kalaw\OneDrive\Desktop\waifuscraper\downloads\images\OrinX_Character_Database\Shinobu_Kochou_1242.jpg,OrinX Character Database,1242,2026-08-28T20:37:12.671272
550,,Blade,Honkai: Star Rail [🎮],Divine,,Blade_1243.jpg,C:\Users\kalaw\OneDrive\Desktop\waifuscraper\downloads\images\OrinX_Character_Database\Blade_1243.jpg,OrinX Character Database,1243,2026-08-28T20:37:13.899837
551,,Madara Uchiha,Naruto/Boruto,Divine,,Madara_Uchiha_1244.jpg,C:\Users\kalaw\OneDrive\Desktop\waifuscraper\downloads\images\OrinX_Character_Database\Madara_Uchiha_1244.jpg,OrinX Character Database,1244,2026-08-28T20:37:14.751878
552,,Dracule Mihawk,One Piece,Divine,,Dracule_Mihawk_1245.jpg,C:\Users\kalaw\OneDrive\Desktop\waifuscraper\downloads\images\OrinX_Character_Database\Dracule_Mihawk_1245.jpg,OrinX Character Database,1245,2026-08-28T20:37:21.094031
553,,Yuta Okkotsu,Jujutsu Kaisen,Divine,,Yuta_Okkotsu_1246.jpg,C:\Users\kalaw\OneDrive\Desktop\waifuscraper\downloads\images\OrinX_Character_Database\Yuta_Okkotsu_1246.jpg,OrinX Character Database,1246,2026-08-28T20:37:23.409804
554,,Trafalgar D. Water Law,Unknown,Divine,,Trafalgar_D._Water_Law_1247.jpg,C:\Users\kalaw\OneDrive\Desktop\waifuscraper\downloads\images\OrinX_Character_Database\Trafalgar_D._Water_Law_1247.jpg,OrinX Character Database,1247,2026-08-28T20:37:37.241683
555,,Reze,Chainsaw Man,Mythical,,Reze_1248.jpg,C:\Users\kalaw\OneDrive\Desktop\waifuscraper\downloads\images\OrinX_Character_Database\Reze_1248.jpg,OrinX Character Database,1248,2026-08-28T20:37:38.877605
556,,Kirio Hikifune [🏖️],Bleach,Legendary,],Kirio_Hikifune_[🏖️]_1249.jpg,C:\Users\kalaw\OneDrive\Desktop\waifuscraper\downloads\images\OrinX_Character_Database\Kirio_Hikifune_[🏖️]_1249.jpg,OrinX Character Database,1249,2026-08-28T20:37:40.417719
557,,Changli [💞],Wuthering Waves [🎮],Legendary,,Changli_[💞]_1250.jpg,C:\Users\kalaw\OneDrive\Desktop\waifuscraper\downloads\images\OrinX_Character_Database\Changli_[💞]_1250.jpg,OrinX Character Database,1250,2026-08-28T20:37:43.278607
558,,Changli [🎃],Wuthering Waves [🎮],Divine,],Changli_[🎃]_1251.jpg,C:\Users\kalaw\OneDrive\Desktop\waifuscraper\downloads\images\OrinX_Character_Database\Changli_[🎃]_1251.jpg,OrinX Character Database,1251,2026-08-28T20:37:44.355291
559,,Mahito,Jujutsu Kaisen,Legendary,,Mahito_1252.jpg,C:\Users\kalaw\OneDrive\Desktop\waifuscraper\downloads\images\OrinX_Character_Database\Mahito_1252.jpg,OrinX Character Database,1252,2026-08-28T20:37:45.145207
560,,Nezuko Kamado,Demon Slayer,Legendary,,Nezuko_Kamado_1253.jpg,C:\Users\kalaw\OneDrive\Desktop\waifuscraper\downloads\images\OrinX_Character_Database\Nezuko_Kamado_1253.jpg,OrinX Character Database,1253,2026-08-28T20:37:45.775114
561,,Firefly [🥷],Honkai: Star Rail [🎮],Supreme,,Firefly_[🥷]_1254.jpg,C:\Users\kalaw\OneDrive\Desktop\waifuscraper\downloads\images\OrinX_Character_Database\Firefly_[🥷]_1254.jpg,OrinX Character Database,1254,2026-08-28T20:37:46.664943
562,,Roronoa Zoro [🗡],One Piece,Supreme,,Roronoa_Zoro_[🗡]_1255.jpg,C:\Users\kalaw\OneDrive\Desktop\waifuscraper\downloads\images\OrinX_Character_Database\Roronoa_Zoro_[🗡]_1255.jpg,OrinX Character Database,1255,2026-08-28T20:37:48.247557
563,,Vegeta [🏖],Dragon Ball Series,Legendary,,Vegeta_[🏖]_1256.jpg,C:\Users\kalaw\OneDrive\Desktop\waifuscraper\downloads\images\OrinX_Character_Database\Vegeta_[🏖]_1256.jpg,OrinX Character Database,1256,2026-08-28T20:37:49.170254
564,,Yorha No.2 Type B [🎃],Nier:Automata,Divine,],Yorha_No.2_Type_B_[🎃]_1257.jpg,C:\Users\kalaw\OneDrive\Desktop\waifuscraper\downloads\images\OrinX_Character_Database\Yorha_No.2_Type_B_[🎃]_1257.jpg,OrinX Character Database,1257,2026-08-28T20:37:51.969371
565,,Kakashi Hatake,Naruto/Boruto,Legendary,,Kakashi_Hatake_1258.jpg,C:\Users\kalaw\OneDrive\Desktop\waifuscraper\downloads\images\OrinX_Character_Database\Kakashi_Hatake_1258.jpg,OrinX Character Database,1258,2026-08-28T20:37:56.835647
566,,Nami [🏖️],One Piece,Divine,],Nami_[🏖️]_1259.jpg,C:\Users\kalaw\OneDrive\Desktop\waifuscraper\downloads\images\OrinX_Character_Database\Nami_[🏖️]_1259.jpg,OrinX Character Database,1259,2026-08-28T20:37:59.758890
567,,Skirk [🧪],Genshin Impact [🎮],Mythical,,Skirk_[🧪]_1260.jpg,C:\Users\kalaw\OneDrive\Desktop\waifuscraper\downloads\images\OrinX_Character_Database\Skirk_[🧪]_1260.jpg,OrinX Character Database,1260,2026-08-28T20:38:01.372649
568,,Denia,Wuthering Waves [🎮],Rare,,Denia_1261.jpg,C:\Users\kalaw\OneDrive\Desktop\waifuscraper\downloads\images\OrinX_Character_Database\Denia_1261.jpg,OrinX Character Database,1261,2026-08-28T20:38:03.474114
569,,Yorha No.2 Type B ( 2B ) [💠],Nier:Automata,Divine,,Yorha_No.2_Type_B_(_2B_)_[💠]_1262.jpg,C:\Users\kalaw\OneDrive\Desktop\waifuscraper\downloads\images\OrinX_Character_Database\Yorha_No.2_Type_B_(_2B_)_[💠]_1262.jpg,OrinX Character Database,1262,2026-08-28T20:38:05.487556
570,,Hiyuki [🏖],Wuthering Waves [🎮],Divine,,Hiyuki_[🏖]_1263.jpg,C:\Users\kalaw\OneDrive\Desktop\waifuscraper\downloads\images\OrinX_Character_Database\Hiyuki_[🏖]_1263.jpg,OrinX Character Database,1263,2026-08-28T20:38:06.560325
571,,Zero Two [💠],Darling in the Franxx,Mythical,,Zero_Two_[💠]_1264.jpg,C:\Users\kalaw\OneDrive\Desktop\waifuscraper\downloads\images\OrinX_Character_Database\Zero_Two_[💠]_1264.jpg,OrinX Character Database,1264,2026-08-28T20:38:07.862206
572,,Zero Two [⛩],Darling in the Franxx,Supreme,,Zero_Two_[⛩]_1265.jpg,C:\Users\kalaw\OneDrive\Desktop\waifuscraper\downloads\images\OrinX_Character_Database\Zero_Two_[⛩]_1265.jpg,OrinX Character Database,1265,2026-08-28T20:38:09.742147
573,,Marcille Donato [🥷],Delicious in Dungeon,Supreme,,Marcille_Donato_[🥷]_1266.jpg,C:\Users\kalaw\OneDrive\Desktop\waifuscraper\downloads\images\OrinX_Character_Database\Marcille_Donato_[🥷]_1266.jpg,OrinX Character Database,1266,2026-08-28T20:38:11.319483
574,,Jinhsi [💠],Wuthering Waves [🎮],Divine,,Jinhsi_[💠]_1267.jpg,C:\Users\kalaw\OneDrive\Desktop\waifuscraper\downloads\images\OrinX_Character_Database\Jinhsi_[💠]_1267.jpg,OrinX Character Database,1267,2026-08-28T20:38:14.595785
575,,Hinata Hyuga,Naruto/Boruto,Divine,,Hinata_Hyuga_1268.jpg,C:\Users\kalaw\OneDrive\Desktop\waifuscraper\downloads\images\OrinX_Character_Database\Hinata_Hyuga_1268.jpg,OrinX Character Database,1268,2026-08-28T20:38:15.358538
576,,Quinque,Tokyo Ghoul,Rare,,Quinque_1269.jpg,C:\Users\kalaw\OneDrive\Desktop\waifuscraper\downloads\images\OrinX_Character_Database\Quinque_1269.jpg,OrinX Character Database,1269,2026-08-28T20:38:16.095809
577,,Monkey D. Luffy [⛩],One Piece,Mythical,,Monkey_D._Luffy_[⛩]_1270.jpg,C:\Users\kalaw\OneDrive\Desktop\waifuscraper\downloads\images\OrinX_Character_Database\Monkey_D._Luffy_[⛩]_1270.jpg,OrinX Character Database,1270,2026-08-28T20:38:18.161966
578,,Fubuki [🎩],One Punch Man,Divine,,Fubuki_[🎩]_1271.jpg,C:\Users\kalaw\OneDrive\Desktop\waifuscraper\downloads\images\OrinX_Character_Database\Fubuki_[🎩]_1271.jpg,OrinX Character Database,1271,2026-08-28T20:38:19.692353
579,,Donquixote Dofalmingo [👘],One Piece,Rare,],Donquixote_Dofalmingo_[👘]_1272.jpg,C:\Users\kalaw\OneDrive\Desktop\waifuscraper\downloads\images\OrinX_Character_Database\Donquixote_Dofalmingo_[👘]_1272.jpg,OrinX Character Database,1272,2026-08-28T20:38:20.981367
580,,Roronoa Zoro [⛩],One Piece,Divine,,Roronoa_Zoro_[⛩]_1273.jpg,C:\Users\kalaw\OneDrive\Desktop\waifuscraper\downloads\images\OrinX_Character_Database\Roronoa_Zoro_[⛩]_1273.jpg,OrinX Character Database,1273,2026-08-28T20:38:21.750579
581,,Isagi Yoichi [🎞],Blue Lock,OrinVd,,,,OrinX Character Database,1274,2026-08-28T20:38:21.816866
582,,Nami,One Piece,Mythical,,Nami_1275.jpg,C:\Users\kalaw\OneDrive\Desktop\waifuscraper\downloads\images\OrinX_Character_Database\Nami_1275.jpg,OrinX Character Database,1275,2026-08-28T20:38:22.589901
583,,Isagi Yoichi,Blue Lock,Mythical,,Isagi_Yoichi_1276.jpg,C:\Users\kalaw\OneDrive\Desktop\waifuscraper\downloads\images\OrinX_Character_Database\Isagi_Yoichi_1276.jpg,OrinX Character Database,1276,2026-08-28T20:38:23.609579
584,,Lucius Zogratis,Black Clover,Rare,,Lucius_Zogratis_1277.jpg,C:\Users\kalaw\OneDrive\Desktop\waifuscraper\downloads\images\OrinX_Character_Database\Lucius_Zogratis_1277.jpg,OrinX Character Database,1277,2026-08-28T20:38:24.278671
585,,Ryomen Sukuna & Mahoraga,Jujutsu Kaisen,Divine,,Ryomen_Sukuna_&_Mahoraga_1278.jpg,C:\Users\kalaw\OneDrive\Desktop\waifuscraper\downloads\images\OrinX_Character_Database\Ryomen_Sukuna_&_Mahoraga_1278.jpg,OrinX Character Database,1278,2026-08-28T20:38:25.035391
586,,Teieri Anri [🧑],Blue Lock,Common,,Teieri_Anri_[🧑]_1279.jpg,C:\Users\kalaw\OneDrive\Desktop\waifuscraper\downloads\images\OrinX_Character_Database\Teieri_Anri_[🧑]_1279.jpg,OrinX Character Database,1279,2026-08-28T20:38:25.618946
587,,Emilia [🏅],Re:Zero − Starting Life in Another World,Uncommon,,Emilia_[🏅]_1280.jpg,C:\Users\kalaw\OneDrive\Desktop\waifuscraper\downloads\images\OrinX_Character_Database\Emilia_[🏅]_1280.jpg,OrinX Character Database,1280,2026-08-28T20:38:26.271828
588,,Buddha [💠],Record Of Ragnarok,Uncommon,,Buddha_[💠]_1281.jpg,C:\Users\kalaw\OneDrive\Desktop\waifuscraper\downloads\images\OrinX_Character_Database\Buddha_[💠]_1281.jpg,OrinX Character Database,1281,2026-08-28T20:38:27.703108
589,,Isagi Yoichi & Baro Shoei & Nagi Seishiro & Chigiri Hyoma,Blue Lock,Legendary,,Isagi_Yoichi_&_Baro_Shoei_&_Nagi_Seishiro_&_Chigiri_Hyoma_1282.jpg,C:\Users\kalaw\OneDrive\Desktop\waifuscraper\downloads\images\OrinX_Character_Database\Isagi_Yoichi_&_Baro_Shoei_&_Nagi_Seishiro_&_Chigiri_Hyoma_1282.jpg,OrinX Character Database,1282,2026-08-28T20:38:28.488118
590,,Choso,Jujutsu Kaisen,Rare,,Choso_1283.jpg,C:\Users\kalaw\OneDrive\Desktop\waifuscraper\downloads\images\OrinX_Character_Database\Choso_1283.jpg,OrinX Character Database,1283,2026-08-28T20:38:29.224269
591,,Nozel Silva,Black Clover,Common,,Nozel_Silva_1284.jpg,C:\Users\kalaw\OneDrive\Desktop\waifuscraper\downloads\images\OrinX_Character_Database\Nozel_Silva_1284.jpg,OrinX Character Database,1284,2026-08-28T20:38:30.655299
592,,Hu Tao [🧑],Genshin Impact [🎮],Legendary,,Hu_Tao_[🧑]_1285.jpg,C:\Users\kalaw\OneDrive\Desktop\waifuscraper\downloads\images\OrinX_Character_Database\Hu_Tao_[🧑]_1285.jpg,OrinX Character Database,1285,2026-08-28T20:38:31.869815
593,,Scarlet El Vandimion [🧪],May I Ask for One Final Thing,Divine,,Scarlet_El_Vandimion_[🧪]_1286.jpg,C:\Users\kalaw\OneDrive\Desktop\waifuscraper\downloads\images\OrinX_Character_Database\Scarlet_El_Vandimion_[🧪]_1286.jpg,OrinX Character Database,1286,2026-08-28T20:38:32.933695
594,,Monkey D. Luffy [🎞],One Piece,OrinVd,,,,OrinX Character Database,1287,2026-08-28T20:38:32.999099
595,,Demon Slayer [🎞],Demon Slayer,OrinVd,,,,OrinX Character Database,1288,2026-08-28T20:38:33.061599
596,,Monkey D. Luffy,One Piece,Mythical,,Monkey_D._Luffy_1289.jpg,C:\Users\kalaw\OneDrive\Desktop\waifuscraper\downloads\images\OrinX_Character_Database\Monkey_D._Luffy_1289.jpg,OrinX Character Database,1289,2026-08-28T20:38:34.024756
597,,Roronoa Zoro,One Piece,Mythical,,Roronoa_Zoro_1290.jpg,C:\Users\kalaw\OneDrive\Desktop\waifuscraper\downloads\images\OrinX_Character_Database\Roronoa_Zoro_1290.jpg,OrinX Character Database,1290,2026-08-28T20:38:34.923785
598,,Nami [🧪],One Piece,Divine,,Nami_[🧪]_1291.jpg,C:\Users\kalaw\OneDrive\Desktop\waifuscraper\downloads\images\OrinX_Character_Database\Nami_[🧪]_1291.jpg,OrinX Character Database,1291,2026-08-28T20:38:35.766313
599,,Trafalgar D. Water Law,One Piece,Mythical,,Trafalgar_D._Water_Law_1292.jpg,C:\Users\kalaw\OneDrive\Desktop\waifuscraper\downloads\images\OrinX_Character_Database\Trafalgar_D._Water_Law_1292.jpg,OrinX Character Database,1292,2026-08-28T20:38:36.612373
600,,Rei Ayanami,Neon Genesis Evangelion,Divine,,Rei_Ayanami_1293.jpg,C:\Users\kalaw\OneDrive\Desktop\waifuscraper\downloads\images\OrinX_Character_Database\Rei_Ayanami_1293.jpg,OrinX Character Database,1293,2026-08-28T20:38:37.635818
601,,Astra Yao [🎃],Zenless Zone Zero,Legendary,],Astra_Yao_[🎃]_1294.jpg,C:\Users\kalaw\OneDrive\Desktop\waifuscraper\downloads\images\OrinX_Character_Database\Astra_Yao_[🎃]_1294.jpg,OrinX Character Database,1294,2026-08-28T20:38:38.495019
602,,Dante x Venom,CrossVerse,CrossVerse,,Dante_x_Venom_1295.jpg,C:\Users\kalaw\OneDrive\Desktop\waifuscraper\downloads\images\OrinX_Character_Database\Dante_x_Venom_1295.jpg,OrinX Character Database,1295,2026-08-28T20:38:39.242662
603,,Ryo Yamada [🧹],Bocchi the Rock,Rare,,Ryo_Yamada_[🧹]_1296.jpg,C:\Users\kalaw\OneDrive\Desktop\waifuscraper\downloads\images\OrinX_Character_Database\Ryo_Yamada_[🧹]_1296.jpg,OrinX Character Database,1296,2026-08-28T20:38:39.998345
604,,Marin Kitagawa,My Dress-Up Darling,Legendary,,Marin_Kitagawa_1297.jpg,C:\Users\kalaw\OneDrive\Desktop\waifuscraper\downloads\images\OrinX_Character_Database\Marin_Kitagawa_1297.jpg,OrinX Character Database,1297,2026-08-28T20:38:41.981994
605,,Furina [🩺],Genshin Impact [🎮],Mythical,,Furina_[🩺]_1298.jpg,C:\Users\kalaw\OneDrive\Desktop\waifuscraper\downloads\images\OrinX_Character_Database\Furina_[🩺]_1298.jpg,OrinX Character Database,1298,2026-08-28T20:38:42.810056
606,,Deidara [🍷],Naruto/Boruto,Legendary,,Deidara_[🍷]_1299.jpg,C:\Users\kalaw\OneDrive\Desktop\waifuscraper\downloads\images\OrinX_Character_Database\Deidara_[🍷]_1299.jpg,OrinX Character Database,1299,2026-08-28T20:38:43.759743
607,,Raiden Shogun [👘],Genshin Impact [🎮],Divine,],Raiden_Shogun_[👘]_1300.jpg,C:\Users\kalaw\OneDrive\Desktop\waifuscraper\downloads\images\OrinX_Character_Database\Raiden_Shogun_[👘]_1300.jpg,OrinX Character Database,1300,2026-08-28T20:38:44.602709
608,,Edward Newgate,One Piece,Legendary,,Edward_Newgate_1301.jpg,C:\Users\kalaw\OneDrive\Desktop\waifuscraper\downloads\images\OrinX_Character_Database\Edward_Newgate_1301.jpg,OrinX Character Database,1301,2026-08-28T20:38:46.036104
609,,Yamato [👘],One Piece,Mythical,],Yamato_[👘]_1302.jpg,C:\Users\kalaw\OneDrive\Desktop\waifuscraper\downloads\images\OrinX_Character_Database\Yamato_[👘]_1302.jpg,OrinX Character Database,1302,2026-08-28T20:38:47.453543
610,,Uta [💠],One Piece,Mythical,,Uta_[💠]_1303.jpg,C:\Users\kalaw\OneDrive\Desktop\waifuscraper\downloads\images\OrinX_Character_Database\Uta_[💠]_1303.jpg,OrinX Character Database,1303,2026-08-28T20:38:48.945908
611,,Ai Hayasaka,Kaguya Sama : Love Is War,Mythical,,Ai_Hayasaka_1304.jpg,C:\Users\kalaw\OneDrive\Desktop\waifuscraper\downloads\images\OrinX_Character_Database\Ai_Hayasaka_1304.jpg,OrinX Character Database,1304,2026-08-28T20:38:49.903822
612,,Himeno,Chainsaw Man,Divine,,Himeno_1305.jpg,C:\Users\kalaw\OneDrive\Desktop\waifuscraper\downloads\images\OrinX_Character_Database\Himeno_1305.jpg,OrinX Character Database,1305,2026-08-28T20:38:51.152020
613,,Tatsumaki [🎄],One Punch Man,Legendary,],Tatsumaki_[🎄]_1306.jpg,C:\Users\kalaw\OneDrive\Desktop\waifuscraper\downloads\images\OrinX_Character_Database\Tatsumaki_[🎄]_1306.jpg,OrinX Character Database,1306,2026-08-28T20:38:52.014694
614,,Ado,J-Pop,Mythical,,Ado_1307.jpg,C:\Users\kalaw\OneDrive\Desktop\waifuscraper\downloads\images\OrinX_Character_Database\Ado_1307.jpg,OrinX Character Database,1307,2026-08-28T20:38:52.724170
615,,Emilia [🎃],Re:Zero − Starting Life in Another World,Legendary,],Emilia_[🎃]_1308.jpg,C:\Users\kalaw\OneDrive\Desktop\waifuscraper\downloads\images\OrinX_Character_Database\Emilia_[🎃]_1308.jpg,OrinX Character Database,1308,2026-08-28T20:38:53.629974
616,,Emilia,Re:Zero − Starting Life in Another World,Legendary,,Emilia_1309.jpg,C:\Users\kalaw\OneDrive\Desktop\waifuscraper\downloads\images\OrinX_Character_Database\Emilia_1309.jpg,OrinX Character Database,1309,2026-08-28T20:38:54.583702
617,,Death,Darksiders,Common,,Death_1310.jpg,C:\Users\kalaw\OneDrive\Desktop\waifuscraper\downloads\images\OrinX_Character_Database\Death_1310.jpg,OrinX Character Database,1310,2026-08-28T20:38:55.325056
618,,Yusuke Makishima [🎒],Yowamushi Pedal,Common,,Yusuke_Makishima_[🎒]_1311.jpg,C:\Users\kalaw\OneDrive\Desktop\waifuscraper\downloads\images\OrinX_Character_Database\Yusuke_Makishima_[🎒]_1311.jpg,OrinX Character Database,1311,2026-08-28T20:38:56.125448
619,,Seika Ijichi [👘],Bocchi the Rock,Mythical,],Seika_Ijichi_[👘]_1312.jpg,C:\Users\kalaw\OneDrive\Desktop\waifuscraper\downloads\images\OrinX_Character_Database\Seika_Ijichi_[👘]_1312.jpg,OrinX Character Database,1312,2026-08-28T20:38:56.777205
620,,Roronoa Zoro [🏅],One Piece,Rare,,Roronoa_Zoro_[🏅]_1313.jpg,C:\Users\kalaw\OneDrive\Desktop\waifuscraper\downloads\images\OrinX_Character_Database\Roronoa_Zoro_[🏅]_1313.jpg,OrinX Character Database,1313,2026-08-28T20:38:57.399121
621,,Shirou,Fate Series,Mythical,,Shirou_1314.jpg,C:\Users\kalaw\OneDrive\Desktop\waifuscraper\downloads\images\OrinX_Character_Database\Shirou_1314.jpg,OrinX Character Database,1314,2026-08-28T20:38:58.392027
622,,Record Of Ragnarok Vers,Record Of Ragnarok,Uncommon,,Record_Of_Ragnarok_Vers_1315.jpg,C:\Users\kalaw\OneDrive\Desktop\waifuscraper\downloads\images\OrinX_Character_Database\Record_Of_Ragnarok_Vers_1315.jpg,OrinX Character Database,1315,2026-08-28T20:38:59.465691
623,,Nami [🏅],One Piece,Mythical,,Nami_[🏅]_1316.jpg,C:\Users\kalaw\OneDrive\Desktop\waifuscraper\downloads\images\OrinX_Character_Database\Nami_[🏅]_1316.jpg,OrinX Character Database,1316,2026-08-28T20:39:00.190064
624,,Nazuna Nanakusa [🥷],Call Of The Night,Supreme,,Nazuna_Nanakusa_[🥷]_1317.jpg,C:\Users\kalaw\OneDrive\Desktop\waifuscraper\downloads\images\OrinX_Character_Database\Nazuna_Nanakusa_[🥷]_1317.jpg,OrinX Character Database,1317,2026-08-28T20:39:01.211755
625,,Levi Ackerman [🎞],Attack On Titan,OrinVd,,,,OrinX Character Database,1318,2026-08-28T20:39:01.273763
626,,Sasori [🎞],Naruto/Boruto,OrinVd,,,,OrinX Character Database,1319,2026-08-28T20:39:01.336109
627,,Obito Uchiha [🎞],Naruto/Boruto,OrinVd,,,,OrinX Character Database,1320,2026-08-28T20:39:01.398880
628,,Goku [🎞],Dragon Ball Series,OrinVd,,,,OrinX Character Database,1321,2026-08-28T20:39:01.460885
629,,Alisa Mikhailovna [🐰],Alya Sometimes Hides Her Feelings in Russian,Mythical,,Alisa_Mikhailovna_[🐰]_1322.jpg,C:\Users\kalaw\OneDrive\Desktop\waifuscraper\downloads\images\OrinX_Character_Database\Alisa_Mikhailovna_[🐰]_1322.jpg,OrinX Character Database,1322,2026-08-28T20:39:02.137721
630,,Touka Kirishima [💞],Tokyo Ghoul,Divine,,Touka_Kirishima_[💞]_1323.jpg,C:\Users\kalaw\OneDrive\Desktop\waifuscraper\downloads\images\OrinX_Character_Database\Touka_Kirishima_[💞]_1323.jpg,OrinX Character Database,1323,2026-08-28T20:39:02.863079
631,,Yae Miko,Genshin Impact [🎮],Mythical,,Yae_Miko_1324.jpg,C:\Users\kalaw\OneDrive\Desktop\waifuscraper\downloads\images\OrinX_Character_Database\Yae_Miko_1324.jpg,OrinX Character Database,1324,2026-08-28T20:39:04.961716
632,,March the7 [👘],Honkai: Star Rail [🎮],Rare,],March_the7_[👘]_1325.jpg,C:\Users\kalaw\OneDrive\Desktop\waifuscraper\downloads\images\OrinX_Character_Database\March_the7_[👘]_1325.jpg,OrinX Character Database,1325,2026-08-28T20:39:06.561579
633,,Noelle Silva [🧹],Black Clover,Legendary,,Noelle_Silva_[🧹]_1326.jpg,C:\Users\kalaw\OneDrive\Desktop\waifuscraper\downloads\images\OrinX_Character_Database\Noelle_Silva_[🧹]_1326.jpg,OrinX Character Database,1326,2026-08-28T20:39:07.834389
634,,Himiko Toga [💞],My Hero Academia,Rare,,Himiko_Toga_[💞]_1327.jpg,C:\Users\kalaw\OneDrive\Desktop\waifuscraper\downloads\images\OrinX_Character_Database\Himiko_Toga_[💞]_1327.jpg,OrinX Character Database,1327,2026-08-28T20:39:09.053302
635,,Jack The Ripper & Valkyrie,Record Of Ragnarok,Legendary,,Jack_The_Ripper_&_Valkyrie_1328.jpg,C:\Users\kalaw\OneDrive\Desktop\waifuscraper\downloads\images\OrinX_Character_Database\Jack_The_Ripper_&_Valkyrie_1328.jpg,OrinX Character Database,1328,2026-08-28T20:39:10.280856
636,,Vivian [🥷],Zenless Zone Zero,Supreme,,Vivian_[🥷]_1329.jpg,C:\Users\kalaw\OneDrive\Desktop\waifuscraper\downloads\images\OrinX_Character_Database\Vivian_[🥷]_1329.jpg,OrinX Character Database,1329,2026-08-28T20:39:11.696534
637,,Marin Kitagawa [⛩],My Dress-Up Darling,Supreme,,Marin_Kitagawa_[⛩]_1330.jpg,C:\Users\kalaw\OneDrive\Desktop\waifuscraper\downloads\images\OrinX_Character_Database\Marin_Kitagawa_[⛩]_1330.jpg,OrinX Character Database,1330,2026-08-28T20:39:13.774932
638,,Kaguya Otsutsuki [👘],Naruto/Boruto,Mythical,],Kaguya_Otsutsuki_[👘]_1331.jpg,C:\Users\kalaw\OneDrive\Desktop\waifuscraper\downloads\images\OrinX_Character_Database\Kaguya_Otsutsuki_[👘]_1331.jpg,OrinX Character Database,1331,2026-08-28T20:39:15.011400
639,,Mikasa Ackerman [🥷],Attack On Titan,Supreme,,Mikasa_Ackerman_[🥷]_1332.jpg,C:\Users\kalaw\OneDrive\Desktop\waifuscraper\downloads\images\OrinX_Character_Database\Mikasa_Ackerman_[🥷]_1332.jpg,OrinX Character Database,1332,2026-08-28T20:39:16.217195
640,,Raiden Shogun [🧪],Genshin Impact [🎮],Legendary,,Raiden_Shogun_[🧪]_1333.jpg,C:\Users\kalaw\OneDrive\Desktop\waifuscraper\downloads\images\OrinX_Character_Database\Raiden_Shogun_[🧪]_1333.jpg,OrinX Character Database,1333,2026-08-28T20:39:16.972014
641,,Hinata Hyuga [💞],Naruto/Boruto,Divine,,Hinata_Hyuga_[💞]_1334.jpg,C:\Users\kalaw\OneDrive\Desktop\waifuscraper\downloads\images\OrinX_Character_Database\Hinata_Hyuga_[💞]_1334.jpg,OrinX Character Database,1334,2026-08-28T20:39:17.723474
642,,Nemuri Kayama [🏖],My Hero Academia,Legendary,,Nemuri_Kayama_[🏖]_1335.jpg,C:\Users\kalaw\OneDrive\Desktop\waifuscraper\downloads\images\OrinX_Character_Database\Nemuri_Kayama_[🏖]_1335.jpg,OrinX Character Database,1335,2026-08-28T20:39:18.430053
643,,Furina & Navia,Genshin Impact [🎮],Divine,,Furina_&_Navia_1336.jpg,C:\Users\kalaw\OneDrive\Desktop\waifuscraper\downloads\images\OrinX_Character_Database\Furina_&_Navia_1336.jpg,OrinX Character Database,1336,2026-08-28T20:39:19.271107
644,,Carlotta [👘],Wuthering Waves [🎮],Legendary,],Carlotta_[👘]_1337.jpg,C:\Users\kalaw\OneDrive\Desktop\waifuscraper\downloads\images\OrinX_Character_Database\Carlotta_[👘]_1337.jpg,OrinX Character Database,1337,2026-08-28T20:39:20.166899
645,,Gojo Satoru [🗡️],Jujutsu Kaisen,Divine,,Gojo_Satoru_[🗡️]_1338.jpg,C:\Users\kalaw\OneDrive\Desktop\waifuscraper\downloads\images\OrinX_Character_Database\Gojo_Satoru_[🗡️]_1338.jpg,OrinX Character Database,1338,2026-08-28T20:39:21.077596
646,,Marshall D. Teach [💠],One Piece,Divine,,Marshall_D._Teach_[💠]_1339.jpg,C:\Users\kalaw\OneDrive\Desktop\waifuscraper\downloads\images\OrinX_Character_Database\Marshall_D._Teach_[💠]_1339.jpg,OrinX Character Database,1339,2026-08-28T20:39:21.793549
647,,Ryomen Sukuna,Jujutsu Kaisen,Mythical,,Ryomen_Sukuna_1340.jpg,C:\Users\kalaw\OneDrive\Desktop\waifuscraper\downloads\images\OrinX_Character_Database\Ryomen_Sukuna_1340.jpg,OrinX Character Database,1340,2026-08-28T20:39:22.883299
648,,Yoichi Isagi [🎞],Blue Lock,OrinVd,,,,OrinX Character Database,1341,2026-08-28T20:39:22.960415
649,,Nakano Nino And Nakano Itsuki [🎞],The Quintessential Quintuplets,OrinVd,,,,OrinX Character Database,1342,2026-08-28T20:39:23.037154
650,,Makima & Mei Mei & Fubuki [🎞],CrossVerse,OrinVd,,,,OrinX Character Database,1343,2026-08-28T20:39:23.116321
651,,New Jersey,Azur Lane,Rare,,New_Jersey_1344.jpg,C:\Users\kalaw\OneDrive\Desktop\waifuscraper\downloads\images\OrinX_Character_Database\New_Jersey_1344.jpg,OrinX Character Database,1344,2026-08-28T20:39:23.895994
652,,Natsuki Subaru [👘],Re:Zero − Starting Life in Another World,Mythical,],Natsuki_Subaru_[👘]_1345.jpg,C:\Users\kalaw\OneDrive\Desktop\waifuscraper\downloads\images\OrinX_Character_Database\Natsuki_Subaru_[👘]_1345.jpg,OrinX Character Database,1345,2026-08-28T20:39:24.886173
653,,𝖬𝗂𝗇𝖺𝗍𝗈 𝖭𝖺𝗆𝗂𝗄𝖺𝗓𝖾,Naruto/Boruto,Supreme,,𝖬𝗂𝗇𝖺𝗍𝗈_𝖭𝖺𝗆𝗂𝗄𝖺𝗓𝖾_1346.jpg,C:\Users\kalaw\OneDrive\Desktop\waifuscraper\downloads\images\OrinX_Character_Database\𝖬𝗂𝗇𝖺𝗍𝗈_𝖭𝖺𝗆𝗂𝗄𝖺𝗓𝖾_1346.jpg,OrinX Character Database,1346,2026-08-28T20:39:28.964303
654,,Boa Hancock,One Piece,Mythical,,Boa_Hancock_1347.jpg,C:\Users\kalaw\OneDrive\Desktop\waifuscraper\downloads\images\OrinX_Character_Database\Boa_Hancock_1347.jpg,OrinX Character Database,1347,2026-08-28T20:39:29.636532
655,,Zani,Wuthering Waves [🎮],Legendary,,Zani_1348.jpg,C:\Users\kalaw\OneDrive\Desktop\waifuscraper\downloads\images\OrinX_Character_Database\Zani_1348.jpg,OrinX Character Database,1348,2026-08-28T20:39:30.490653
656,,Boa Hancock,One Piece,Legendary,,Boa_Hancock_1349.jpg,C:\Users\kalaw\OneDrive\Desktop\waifuscraper\downloads\images\OrinX_Character_Database\Boa_Hancock_1349.jpg,OrinX Character Database,1349,2026-08-28T20:39:31.629140
657,,Makima & Fubuki & Mei Mei,CrossVerse,CrossVerse,,Makima_&_Fubuki_&_Mei_Mei_1350.jpg,C:\Users\kalaw\OneDrive\Desktop\waifuscraper\downloads\images\OrinX_Character_Database\Makima_&_Fubuki_&_Mei_Mei_1350.jpg,OrinX Character Database,1350,2026-08-28T20:39:32.996382
658,,Ganyu [💠],Genshin Impact [🎮],Mythical,,Ganyu_[💠]_1351.jpg,C:\Users\kalaw\OneDrive\Desktop\waifuscraper\downloads\images\OrinX_Character_Database\Ganyu_[💠]_1351.jpg,OrinX Character Database,1351,2026-08-28T20:39:34.624774
659,,Ayanokoji Kiyotaka X Kei Karuizawa,Classroom of The Elites,Uncommon,,Ayanokoji_Kiyotaka_X_Kei_Karuizawa_1352.jpg,C:\Users\kalaw\OneDrive\Desktop\waifuscraper\downloads\images\OrinX_Character_Database\Ayanokoji_Kiyotaka_X_Kei_Karuizawa_1352.jpg,OrinX Character Database,1352,2026-08-28T20:39:35.488610
660,,Loki,Record Of Ragnarok,Common,,Loki_1353.jpg,C:\Users\kalaw\OneDrive\Desktop\waifuscraper\downloads\images\OrinX_Character_Database\Loki_1353.jpg,OrinX Character Database,1353,2026-08-28T20:39:36.293454
661,,Shion [🍷],That Time I Got Reincarnated As A Slime,Rare,,Shion_[🍷]_1354.jpg,C:\Users\kalaw\OneDrive\Desktop\waifuscraper\downloads\images\OrinX_Character_Database\Shion_[🍷]_1354.jpg,OrinX Character Database,1354,2026-08-28T20:39:36.905047
662,,Elizabeth,The Seven Deadly Sins,Uncommon,,Elizabeth_1355.jpg,C:\Users\kalaw\OneDrive\Desktop\waifuscraper\downloads\images\OrinX_Character_Database\Elizabeth_1355.jpg,OrinX Character Database,1355,2026-08-28T20:39:37.680380
663,,Frankenstein,Noblesse,Legendary,,Frankenstein_1356.jpg,C:\Users\kalaw\OneDrive\Desktop\waifuscraper\downloads\images\OrinX_Character_Database\Frankenstein_1356.jpg,OrinX Character Database,1356,2026-08-28T20:39:38.503558
664,,Toshinori Yagi ( All Might ),My Hero Academia,Legendary,,Toshinori_Yagi_(_All_Might_)_1357.jpg,C:\Users\kalaw\OneDrive\Desktop\waifuscraper\downloads\images\OrinX_Character_Database\Toshinori_Yagi_(_All_Might_)_1357.jpg,OrinX Character Database,1357,2026-08-28T20:39:39.323542
665,,Lumiere Silvamillion,Black Clover,Common,,Lumiere_Silvamillion_1358.jpg,C:\Users\kalaw\OneDrive\Desktop\waifuscraper\downloads\images\OrinX_Character_Database\Lumiere_Silvamillion_1358.jpg,OrinX Character Database,1358,2026-08-28T20:39:40.021459
666,,Miku Nakano [🩺],Quintessential Quintuplets,Mythical,,Miku_Nakano_[🩺]_1359.jpg,C:\Users\kalaw\OneDrive\Desktop\waifuscraper\downloads\images\OrinX_Character_Database\Miku_Nakano_[🩺]_1359.jpg,OrinX Character Database,1359,2026-08-28T20:39:40.741851
667,,Yuzuha Shiba,Tokyo Revengers,Common,,Yuzuha_Shiba_1360.jpg,C:\Users\kalaw\OneDrive\Desktop\waifuscraper\downloads\images\OrinX_Character_Database\Yuzuha_Shiba_1360.jpg,OrinX Character Database,1360,2026-08-28T20:39:41.500019
668,,Sung Jin Woo & Beru,Solo Leveling,Mythical,,Sung_Jin_Woo_&_Beru_1361.jpg,C:\Users\kalaw\OneDrive\Desktop\waifuscraper\downloads\images\OrinX_Character_Database\Sung_Jin_Woo_&_Beru_1361.jpg,OrinX Character Database,1361,2026-08-28T20:39:42.212010
669,,Dante Zogratis,Black Clover,Rare,,Dante_Zogratis_1362.jpg,C:\Users\kalaw\OneDrive\Desktop\waifuscraper\downloads\images\OrinX_Character_Database\Dante_Zogratis_1362.jpg,OrinX Character Database,1362,2026-08-28T20:39:42.878926
670,,Aizawa Shouta,My Hero Academia,Uncommon,,Aizawa_Shouta_1363.jpg,C:\Users\kalaw\OneDrive\Desktop\waifuscraper\downloads\images\OrinX_Character_Database\Aizawa_Shouta_1363.jpg,OrinX Character Database,1363,2026-08-28T20:39:43.931113
671,,Yukime [👘],The Eminence In Shadow,Rare,],Yukime_[👘]_1364.jpg,C:\Users\kalaw\OneDrive\Desktop\waifuscraper\downloads\images\OrinX_Character_Database\Yukime_[👘]_1364.jpg,OrinX Character Database,1364,2026-08-28T20:39:47.458246
672,,Itoshi Sae [👘],Blue Lock,Uncommon,],Itoshi_Sae_[👘]_1365.jpg,C:\Users\kalaw\OneDrive\Desktop\waifuscraper\downloads\images\OrinX_Character_Database\Itoshi_Sae_[👘]_1365.jpg,OrinX Character Database,1365,2026-08-28T20:39:49.160784
673,,Charmy Papittson,Black Clover,Common,,Charmy_Papittson_1366.jpg,C:\Users\kalaw\OneDrive\Desktop\waifuscraper\downloads\images\OrinX_Character_Database\Charmy_Papittson_1366.jpg,OrinX Character Database,1366,2026-08-28T20:39:50.498577
674,,Eve,Record Of Ragnarok,Rare,,Eve_1367.jpg,C:\Users\kalaw\OneDrive\Desktop\waifuscraper\downloads\images\OrinX_Character_Database\Eve_1367.jpg,OrinX Character Database,1367,2026-08-28T20:39:52.245360
675,,Seras Victoria [🎄],Hellsing,Legendary,],Seras_Victoria_[🎄]_1368.jpg,C:\Users\kalaw\OneDrive\Desktop\waifuscraper\downloads\images\OrinX_Character_Database\Seras_Victoria_[🎄]_1368.jpg,OrinX Character Database,1368,2026-08-28T20:39:53.203515
676,,Itachi Uchiha [🎞],Naruto/Boruto,OrinVd,,,,OrinX Character Database,1369,2026-08-28T20:39:53.268545
677,,Pain [🎞],Naruto/Boruto,OrinVd,,,,OrinX Character Database,1370,2026-08-28T20:39:53.345494
678,,Obito Uchiha [🎞],Naruto/Boruto,OrinVd,,,,OrinX Character Database,1371,2026-08-28T20:39:53.423782
679,,Shion [🏖️],That Time I Got Reincarnated As A Slime,Legendary,],Shion_[🏖️]_1372.jpg,C:\Users\kalaw\OneDrive\Desktop\waifuscraper\downloads\images\OrinX_Character_Database\Shion_[🏖️]_1372.jpg,OrinX Character Database,1372,2026-08-28T20:39:54.238907
680,,Kakashi Hatake [🎞],Naruto/Boruto,OrinVd,,,,OrinX Character Database,1373,2026-08-28T20:39:54.312674
681,,Gojo Satoru & Toji Fushiguro [🎞],Jujutsu Kaisen,OrinVd,,,,OrinX Character Database,1374,2026-08-28T20:39:54.389451
682,,Nash Gold Jr. [🎞],Kuroko no Basuke LAST GAME,OrinVd,,,,OrinX Character Database,1375,2026-08-28T20:39:54.467564
683,,Cynthia,Pokémon Series,Legendary,,Cynthia_1376.jpg,C:\Users\kalaw\OneDrive\Desktop\waifuscraper\downloads\images\OrinX_Character_Database\Cynthia_1376.jpg,OrinX Character Database,1376,2026-08-28T20:39:55.203763
684,,Lelouch VI Britannia [🎞],Code Geass,OrinVd,,,,OrinX Character Database,1377,2026-08-28T20:39:55.277731
685,,Julius Novachrono,Black Clover,Uncommon,,Julius_Novachrono_1378.jpg,C:\Users\kalaw\OneDrive\Desktop\waifuscraper\downloads\images\OrinX_Character_Database\Julius_Novachrono_1378.jpg,OrinX Character Database,1378,2026-08-28T20:39:56.260011
686,,Nacht Faust,Black Clover,Common,,Nacht_Faust_1379.jpg,C:\Users\kalaw\OneDrive\Desktop\waifuscraper\downloads\images\OrinX_Character_Database\Nacht_Faust_1379.jpg,OrinX Character Database,1379,2026-08-28T20:39:56.962106
687,,Meguru Bachira,Blue Lock,Uncommon,,Meguru_Bachira_1380.jpg,C:\Users\kalaw\OneDrive\Desktop\waifuscraper\downloads\images\OrinX_Character_Database\Meguru_Bachira_1380.jpg,OrinX Character Database,1380,2026-08-28T20:39:57.879994
688,,Shigeo Kageyama,Mob Psycho 100,Uncommon,,Shigeo_Kageyama_1381.jpg,C:\Users\kalaw\OneDrive\Desktop\waifuscraper\downloads\images\OrinX_Character_Database\Shigeo_Kageyama_1381.jpg,OrinX Character Database,1381,2026-08-28T20:39:58.858327
689,,Koro Sensei,Assassination Classroom,Mythical,,Koro_Sensei_1382.jpg,C:\Users\kalaw\OneDrive\Desktop\waifuscraper\downloads\images\OrinX_Character_Database\Koro_Sensei_1382.jpg,OrinX Character Database,1382,2026-08-28T20:40:00.077556
690,,Kim Yoonhwan,The World After The End,Common,,Kim_Yoonhwan_1383.jpg,C:\Users\kalaw\OneDrive\Desktop\waifuscraper\downloads\images\OrinX_Character_Database\Kim_Yoonhwan_1383.jpg,OrinX Character Database,1383,2026-08-28T20:40:00.822481
691,,Akane Inui,Tokyo Revengers,Rare,,Akane_Inui_1384.jpg,C:\Users\kalaw\OneDrive\Desktop\waifuscraper\downloads\images\OrinX_Character_Database\Akane_Inui_1384.jpg,OrinX Character Database,1384,2026-08-28T20:40:01.716461
692,,Nefertari D. Vivi,One Piece,Legendary,,Nefertari_D._Vivi_1386.jpg,C:\Users\kalaw\OneDrive\Desktop\waifuscraper\downloads\images\OrinX_Character_Database\Nefertari_D._Vivi_1386.jpg,OrinX Character Database,1386,2026-08-28T20:40:02.956126
693,,Monkey D. Luffy & Roronoa Zoro & Vinsmoke Sanji [🎞],One Piece,OrinVd,,,,OrinX Character Database,1387,2026-08-28T20:40:03.027821
694,,Eren Yeager [🎞],Attack On Titan,OrinVd,,,,OrinX Character Database,1388,2026-08-28T20:40:03.105518
695,,Ichigo Kurosaki [🎞],Bleach,OrinVd,,,,OrinX Character Database,1389,2026-08-28T20:40:03.182423
696,,Raiden Shogun & Mavuika,Genshin Impact [🎮],Divine,,Raiden_Shogun_&_Mavuika_1390.jpg,C:\Users\kalaw\OneDrive\Desktop\waifuscraper\downloads\images\OrinX_Character_Database\Raiden_Shogun_&_Mavuika_1390.jpg,OrinX Character Database,1390,2026-08-28T20:40:04.525148
697,,Madara Uchiha [🎞],Naruto/Boruto,OrinVd,,,,OrinX Character Database,1391,2026-08-28T20:40:04.599791
698,,Yuta Okkotsu [🎞],Jujutsu Kaisen,OrinVd,,,,OrinX Character Database,1392,2026-08-28T20:40:04.678578
699,,Camellya,Wuthering Waves [🎮],Legendary,,Camellya_1393.jpg,C:\Users\kalaw\OneDrive\Desktop\waifuscraper\downloads\images\OrinX_Character_Database\Camellya_1393.jpg,OrinX Character Database,1393,2026-08-28T20:40:05.898474
700,,Arlecchino,Genshin Impact [🎮],Mythical,,Arlecchino_1394.jpg,C:\Users\kalaw\OneDrive\Desktop\waifuscraper\downloads\images\OrinX_Character_Database\Arlecchino_1394.jpg,OrinX Character Database,1394,2026-08-28T20:40:06.654075
701,,Quintessential Sisters [📔],Quintessential Quintuplets,Rare,,Quintessential_Sisters_[📔]_1395.jpg,C:\Users\kalaw\OneDrive\Desktop\waifuscraper\downloads\images\OrinX_Character_Database\Quintessential_Sisters_[📔]_1395.jpg,OrinX Character Database,1395,2026-08-28T20:40:08.115493
702,,Kaoruko Waguri [🎞],The Fragrant Flower Blooms With Dignity,OrinVd,,,,OrinX Character Database,1396,2026-08-28T20:40:08.185743
703,,Hinata Hyuga,Naruto/Boruto,Supreme,,Hinata_Hyuga_1397.jpg,C:\Users\kalaw\OneDrive\Desktop\waifuscraper\downloads\images\OrinX_Character_Database\Hinata_Hyuga_1397.jpg,OrinX Character Database,1397,2026-08-28T20:40:09.080952
704,,Naruto Uzumaki & Hinata Hyuga [🎞],Naruto/Boruto,OrinVd,,,,OrinX Character Database,1398,2026-08-28T20:40:09.149953
705,,Naruto Uzumaki [🎞],Naruto/Boruto,OrinVd,,,,OrinX Character Database,1399,2026-08-28T20:40:09.229110
706,,Mahiru Shiina [🎞],The Angel Next Door Spoils Me Rotten,OrinVd,,,,OrinX Character Database,1400,2026-08-28T20:40:09.306783
707,,Mikasa Ackerman [🎞],Attack On Titan,OrinVd,,,,OrinX Character Database,1401,2026-08-28T20:40:09.384487
708,,Sasuke Uchiha [🎞],Naruto/Boruto,OrinVd,,,,OrinX Character Database,1402,2026-08-28T20:40:09.462031
709,,Gojo Satoru [🗡],Jujutsu Kaisen,Supreme,,Gojo_Satoru_[🗡]_1403.jpg,C:\Users\kalaw\OneDrive\Desktop\waifuscraper\downloads\images\OrinX_Character_Database\Gojo_Satoru_[🗡]_1403.jpg,OrinX Character Database,1403,2026-08-28T20:40:11.761968
710,,Irene Belserion [☃],Fairy Tail,Uncommon,,Irene_Belserion_[☃]_1409.jpg,C:\Users\kalaw\OneDrive\Desktop\waifuscraper\downloads\images\OrinX_Character_Database\Irene_Belserion_[☃]_1409.jpg,OrinX Character Database,1409,2026-08-28T20:40:12.786982
711,,Hinata Hyuga,Naruto/Boruto,Supreme,,Hinata_Hyuga_1410.jpg,C:\Users\kalaw\OneDrive\Desktop\waifuscraper\downloads\images\OrinX_Character_Database\Hinata_Hyuga_1410.jpg,OrinX Character Database,1410,2026-08-28T20:40:13.635655
712,,James Lee,Lookism,Legendary,,James_Lee_1411.jpg,C:\Users\kalaw\OneDrive\Desktop\waifuscraper\downloads\images\OrinX_Character_Database\James_Lee_1411.jpg,OrinX Character Database,1411,2026-08-28T20:40:15.109249
713,,Aqua,Konosuba,Common,,Aqua_1412.jpg,C:\Users\kalaw\OneDrive\Desktop\waifuscraper\downloads\images\OrinX_Character_Database\Aqua_1412.jpg,OrinX Character Database,1412,2026-08-28T20:40:15.898295
714,,Klee,Genshin Impact [🎮],Common,,Klee_1413.jpg,C:\Users\kalaw\OneDrive\Desktop\waifuscraper\downloads\images\OrinX_Character_Database\Klee_1413.jpg,OrinX Character Database,1413,2026-08-28T20:40:16.713597
715,,Mash Kyrielight,Fate/Grand Order,Common,,Mash_Kyrielight_1414.jpg,C:\Users\kalaw\OneDrive\Desktop\waifuscraper\downloads\images\OrinX_Character_Database\Mash_Kyrielight_1414.jpg,OrinX Character Database,1414,2026-08-28T20:40:17.444870
716,,Rem [🧹],Re:Zero − Starting Life in Another World,Common,,Rem_[🧹]_1415.jpg,C:\Users\kalaw\OneDrive\Desktop\waifuscraper\downloads\images\OrinX_Character_Database\Rem_[🧹]_1415.jpg,OrinX Character Database,1415,2026-08-28T20:40:18.252939
717,,Megumi Fushiguro,Jujutsu Kaisen,Common,,Megumi_Fushiguro_1416.jpg,C:\Users\kalaw\OneDrive\Desktop\waifuscraper\downloads\images\OrinX_Character_Database\Megumi_Fushiguro_1416.jpg,OrinX Character Database,1416,2026-08-28T20:40:19.145843
718,,Power,Chainsawman,Uncommon,,Power_1417.jpg,C:\Users\kalaw\OneDrive\Desktop\waifuscraper\downloads\images\OrinX_Character_Database\Power_1417.jpg,OrinX Character Database,1417,2026-08-28T20:40:20.319706
719,,Kurumi Tokisaki,Date A Live,Uncommon,,Kurumi_Tokisaki_1418.jpg,C:\Users\kalaw\OneDrive\Desktop\waifuscraper\downloads\images\OrinX_Character_Database\Kurumi_Tokisaki_1418.jpg,OrinX Character Database,1418,2026-08-28T20:40:21.269907
720,,Killua Zoldyck,Hunter X Hunter,Uncommon,,Killua_Zoldyck_1419.jpg,C:\Users\kalaw\OneDrive\Desktop\waifuscraper\downloads\images\OrinX_Character_Database\Killua_Zoldyck_1419.jpg,OrinX Character Database,1419,2026-08-28T20:40:22.070272
721,,Saber,Fate/Stay Night,Uncommon,,Saber_1420.jpg,C:\Users\kalaw\OneDrive\Desktop\waifuscraper\downloads\images\OrinX_Character_Database\Saber_1420.jpg,OrinX Character Database,1420,2026-08-28T20:40:22.862655
722,,Yor Forger,Spy X Family,Uncommon,,Yor_Forger_1421.jpg,C:\Users\kalaw\OneDrive\Desktop\waifuscraper\downloads\images\OrinX_Character_Database\Yor_Forger_1421.jpg,OrinX Character Database,1421,2026-08-28T20:40:23.493426
723,,Ainz Ooal Gown,Overlord,Rare,,Ainz_Ooal_Gown_1422.jpg,C:\Users\kalaw\OneDrive\Desktop\waifuscraper\downloads\images\OrinX_Character_Database\Ainz_Ooal_Gown_1422.jpg,OrinX Character Database,1422,2026-08-28T20:40:24.263006
724,,Ciel Phantomhive,Black Butler,Rare,,Ciel_Phantomhive_1423.jpg,C:\Users\kalaw\OneDrive\Desktop\waifuscraper\downloads\images\OrinX_Character_Database\Ciel_Phantomhive_1423.jpg,OrinX Character Database,1423,2026-08-28T20:40:24.916433
725,,Eren Yeager [🏅],Attack On Titan,Rare,,Eren_Yeager_[🏅]_1424.jpg,C:\Users\kalaw\OneDrive\Desktop\waifuscraper\downloads\images\OrinX_Character_Database\Eren_Yeager_[🏅]_1424.jpg,OrinX Character Database,1424,2026-08-28T20:40:25.778379
726,,Makima,Chainsawman,Rare,,Makima_1425.jpg,C:\Users\kalaw\OneDrive\Desktop\waifuscraper\downloads\images\OrinX_Character_Database\Makima_1425.jpg,OrinX Character Database,1425,2026-08-28T20:40:26.421884
727,,Albedo [🏅],Overlord,Rare,,Albedo_[🏅]_1426.jpg,C:\Users\kalaw\OneDrive\Desktop\waifuscraper\downloads\images\OrinX_Character_Database\Albedo_[🏅]_1426.jpg,OrinX Character Database,1426,2026-08-28T20:40:27.183281
728,,Rimuru Tempest,That Time I Got Reincarnated as a Slime,Legendary,,Rimuru_Tempest_1427.jpg,C:\Users\kalaw\OneDrive\Desktop\waifuscraper\downloads\images\OrinX_Character_Database\Rimuru_Tempest_1427.jpg,OrinX Character Database,1427,2026-08-28T20:40:28.255533
729,,Itachi Uchiha,Naruto/Boruto,Legendary,,Itachi_Uchiha_1428.jpg,C:\Users\kalaw\OneDrive\Desktop\waifuscraper\downloads\images\OrinX_Character_Database\Itachi_Uchiha_1428.jpg,OrinX Character Database,1428,2026-08-28T20:40:28.888864
730,,Levi Ackerman,Attack On Titan,Legendary,,Levi_Ackerman_1429.jpg,C:\Users\kalaw\OneDrive\Desktop\waifuscraper\downloads\images\OrinX_Character_Database\Levi_Ackerman_1429.jpg,OrinX Character Database,1429,2026-08-28T20:40:29.738240
731,,Cid Kagenou,The Eminence In Shadow,Legendary,,Cid_Kagenou_1430.jpg,C:\Users\kalaw\OneDrive\Desktop\waifuscraper\downloads\images\OrinX_Character_Database\Cid_Kagenou_1430.jpg,OrinX Character Database,1430,2026-08-28T20:40:30.585389
732,,Rias Gremory,High School DxD,Legendary,,Rias_Gremory_1431.jpg,C:\Users\kalaw\OneDrive\Desktop\waifuscraper\downloads\images\OrinX_Character_Database\Rias_Gremory_1431.jpg,OrinX Character Database,1431,2026-08-28T20:40:31.290867
733,,Goku,Dragon Ball Super,Mythical,,Goku_1432.jpg,C:\Users\kalaw\OneDrive\Desktop\waifuscraper\downloads\images\OrinX_Character_Database\Goku_1432.jpg,OrinX Character Database,1432,2026-08-28T20:40:33.133095
734,,Gilgamesh,Fate/Stay Night,Mythical,,Gilgamesh_1433.jpg,C:\Users\kalaw\OneDrive\Desktop\waifuscraper\downloads\images\OrinX_Character_Database\Gilgamesh_1433.jpg,OrinX Character Database,1433,2026-08-28T20:40:33.919396
735,,Madara Uchiha,Naruto/Boruto,Mythical,,Madara_Uchiha_1434.jpg,C:\Users\kalaw\OneDrive\Desktop\waifuscraper\downloads\images\OrinX_Character_Database\Madara_Uchiha_1434.jpg,OrinX Character Database,1434,2026-08-28T20:40:34.631656
736,,Saitama,One Punch Man,Mythical,,Saitama_1435.jpg,C:\Users\kalaw\OneDrive\Desktop\waifuscraper\downloads\images\OrinX_Character_Database\Saitama_1435.jpg,OrinX Character Database,1435,2026-08-28T20:40:35.880077
737,,Anos Voldigoad,The Misfit of Demon King Academy,Mythical,,Anos_Voldigoad_1436.jpg,C:\Users\kalaw\OneDrive\Desktop\waifuscraper\downloads\images\OrinX_Character_Database\Anos_Voldigoad_1436.jpg,OrinX Character Database,1436,2026-08-28T20:40:36.668250
738,,Nyx,Nyx Stay Night,Uncommon,,Nyx_1437.jpg,C:\Users\kalaw\OneDrive\Desktop\waifuscraper\downloads\images\OrinX_Character_Database\Nyx_1437.jpg,OrinX Character Database,1437,2026-08-28T20:40:37.316821
739,,Hollow Tensa Zangetsu,Bleach,Rare,,Hollow_Tensa_Zangetsu_1438.jpg,C:\Users\kalaw\OneDrive\Desktop\waifuscraper\downloads\images\OrinX_Character_Database\Hollow_Tensa_Zangetsu_1438.jpg,OrinX Character Database,1438,2026-08-28T20:40:38.002424
740,,Aquamarine Hoshino ( Aqua ),Oshi No Ko,Uncommon,,Aquamarine_Hoshino_(_Aqua_)_1439.jpg,C:\Users\kalaw\OneDrive\Desktop\waifuscraper\downloads\images\OrinX_Character_Database\Aquamarine_Hoshino_(_Aqua_)_1439.jpg,OrinX Character Database,1439,2026-08-28T20:40:38.643175
741,,Itachi Uchiha [⛩],Naruto/Boruto,Supreme,,Itachi_Uchiha_[⛩]_1440.jpg,C:\Users\kalaw\OneDrive\Desktop\waifuscraper\downloads\images\OrinX_Character_Database\Itachi_Uchiha_[⛩]_1440.jpg,OrinX Character Database,1440,2026-08-28T20:40:40.917740
742,,Eru Chitanda & Houtarou Oreki,Hyouka,Legendary,,Eru_Chitanda_&_Houtarou_Oreki_1441.jpg,C:\Users\kalaw\OneDrive\Desktop\waifuscraper\downloads\images\OrinX_Character_Database\Eru_Chitanda_&_Houtarou_Oreki_1441.jpg,OrinX Character Database,1441,2026-08-28T20:40:41.604472
743,,Haruno Sakura,Naruto/Boruto,Common,,Haruno_Sakura_1442.jpg,C:\Users\kalaw\OneDrive\Desktop\waifuscraper\downloads\images\OrinX_Character_Database\Haruno_Sakura_1442.jpg,OrinX Character Database,1442,2026-08-28T20:40:42.266850
744,,Conan Edogawa,Detective Conan,Common,,Conan_Edogawa_1443.jpg,C:\Users\kalaw\OneDrive\Desktop\waifuscraper\downloads\images\OrinX_Character_Database\Conan_Edogawa_1443.jpg,OrinX Character Database,1443,2026-08-28T20:40:42.889074
745,,Misa Amane,Death Note,Common,,Misa_Amane_1444.jpg,C:\Users\kalaw\OneDrive\Desktop\waifuscraper\downloads\images\OrinX_Character_Database\Misa_Amane_1444.jpg,OrinX Character Database,1444,2026-08-28T20:40:43.502752
746,,Taiga Aisaka,Toradora,Common,,Taiga_Aisaka_1445.jpg,C:\Users\kalaw\OneDrive\Desktop\waifuscraper\downloads\images\OrinX_Character_Database\Taiga_Aisaka_1445.jpg,OrinX Character Database,1445,2026-08-28T20:40:43.990223
747,,Yui Hirasawa,K-On!,Common,,Yui_Hirasawa_1446.jpg,C:\Users\kalaw\OneDrive\Desktop\waifuscraper\downloads\images\OrinX_Character_Database\Yui_Hirasawa_1446.jpg,OrinX Character Database,1446,2026-08-28T20:40:44.966031
748,,Kagome Higurashi,Inuyasha,Common,,Kagome_Higurashi_1447.jpg,C:\Users\kalaw\OneDrive\Desktop\waifuscraper\downloads\images\OrinX_Character_Database\Kagome_Higurashi_1447.jpg,OrinX Character Database,1447,2026-08-28T20:40:45.608817
749,,Happy,Fairy Tail,Common,,Happy_1448.jpg,C:\Users\kalaw\OneDrive\Desktop\waifuscraper\downloads\images\OrinX_Character_Database\Happy_1448.jpg,OrinX Character Database,1448,2026-08-28T20:40:46.039557
750,,Asuna Yuuki,Sword Art Online [🎮],Common,,Asuna_Yuuki_1449.jpg,C:\Users\kalaw\OneDrive\Desktop\waifuscraper\downloads\images\OrinX_Character_Database\Asuna_Yuuki_1449.jpg,OrinX Character Database,1449,2026-08-28T20:40:46.697497
751,,Tohru Honda,Fruits Basket,Common,,Tohru_Honda_1450.jpg,C:\Users\kalaw\OneDrive\Desktop\waifuscraper\downloads\images\OrinX_Character_Database\Tohru_Honda_1450.jpg,OrinX Character Database,1450,2026-08-28T20:40:47.398622
752,,Nagisa Shiota,Assassination Classroom,Common,,Nagisa_Shiota_1451.jpg,C:\Users\kalaw\OneDrive\Desktop\waifuscraper\downloads\images\OrinX_Character_Database\Nagisa_Shiota_1451.jpg,OrinX Character Database,1451,2026-08-28T20:40:48.026850
753,,Ray,The Promised Neverland,Uncommon,,Ray_1452.jpg,C:\Users\kalaw\OneDrive\Desktop\waifuscraper\downloads\images\OrinX_Character_Database\Ray_1452.jpg,OrinX Character Database,1452,2026-08-28T20:40:48.693218
754,,Inosuke Hashibira,Demon Slayer,Uncommon,,Inosuke_Hashibira_1453.jpg,C:\Users\kalaw\OneDrive\Desktop\waifuscraper\downloads\images\OrinX_Character_Database\Inosuke_Hashibira_1453.jpg,OrinX Character Database,1453,2026-08-28T20:40:49.445036
755,,Erza Scarlet [🏅],Fairy Tail,Uncommon,,Erza_Scarlet_[🏅]_1454.jpg,C:\Users\kalaw\OneDrive\Desktop\waifuscraper\downloads\images\OrinX_Character_Database\Erza_Scarlet_[🏅]_1454.jpg,OrinX Character Database,1454,2026-08-28T20:40:50.134911
756,,Shinya Kogami,Psycho-Pass,Uncommon,,Shinya_Kogami_1455.jpg,C:\Users\kalaw\OneDrive\Desktop\waifuscraper\downloads\images\OrinX_Character_Database\Shinya_Kogami_1455.jpg,OrinX Character Database,1455,2026-08-28T20:40:50.750742
757,,Todoroki Shouto,My Hero Academia,Uncommon,,Todoroki_Shouto_1456.jpg,C:\Users\kalaw\OneDrive\Desktop\waifuscraper\downloads\images\OrinX_Character_Database\Todoroki_Shouto_1456.jpg,OrinX Character Database,1456,2026-08-28T20:40:51.588287
758,,Johan Liebert,Monster,Rare,,Johan_Liebert_1457.jpg,C:\Users\kalaw\OneDrive\Desktop\waifuscraper\downloads\images\OrinX_Character_Database\Johan_Liebert_1457.jpg,OrinX Character Database,1457,2026-08-28T20:40:52.437645
759,,Ken Kaneki,Tokyo Ghoul,Rare,,Ken_Kaneki_1458.jpg,C:\Users\kalaw\OneDrive\Desktop\waifuscraper\downloads\images\OrinX_Character_Database\Ken_Kaneki_1458.jpg,OrinX Character Database,1458,2026-08-28T20:40:53.427207
760,,Satsuki Kiryuin,Kill la Kill,Rare,,Satsuki_Kiryuin_1459.jpg,C:\Users\kalaw\OneDrive\Desktop\waifuscraper\downloads\images\OrinX_Character_Database\Satsuki_Kiryuin_1459.jpg,OrinX Character Database,1459,2026-08-28T20:40:54.461215
761,,Lelouch Lamperouge [🍷],Code Geass,Rare,,Lelouch_Lamperouge_[🍷]_1460.jpg,C:\Users\kalaw\OneDrive\Desktop\waifuscraper\downloads\images\OrinX_Character_Database\Lelouch_Lamperouge_[🍷]_1460.jpg,OrinX Character Database,1460,2026-08-28T20:40:55.309516
762,,Kurapika,Hunter X Hunter,Rare,,Kurapika_1461.jpg,C:\Users\kalaw\OneDrive\Desktop\waifuscraper\downloads\images\OrinX_Character_Database\Kurapika_1461.jpg,OrinX Character Database,1461,2026-08-28T20:40:56.024758
763,,Kurapika,Hunter X Hunter,Legendary,,Kurapika_1462.jpg,C:\Users\kalaw\OneDrive\Desktop\waifuscraper\downloads\images\OrinX_Character_Database\Kurapika_1462.jpg,OrinX Character Database,1462,2026-08-28T20:40:56.641011
764,,Mint,Neverness To Everness (NTE),Uncommon,,Mint_1464.jpg,C:\Users\kalaw\OneDrive\Desktop\waifuscraper\downloads\images\OrinX_Character_Database\Mint_1464.jpg,OrinX Character Database,1464,2026-08-28T20:40:57.425461
765,,Shinku,Neverness To Everness (NTE),Rare,,Shinku_1465.jpg,C:\Users\kalaw\OneDrive\Desktop\waifuscraper\downloads\images\OrinX_Character_Database\Shinku_1465.jpg,OrinX Character Database,1465,2026-08-28T20:40:58.172078
766,,Mint [🎞],Neverness To Everness (NTE),OrinVd,,,,OrinX Character Database,1466,2026-08-28T20:40:58.240607
767,,Shinku [🎞],Neverness To Everness (NTE),OrinVd,,,,OrinX Character Database,1467,2026-08-28T20:40:58.319425
768,,Obito Uchiha [🎞],Naruto/Boruto,OrinVd,,,,OrinX Character Database,1468,2026-08-28T20:40:58.381011
769,,Kiritsugu Emiya [🎞],Fate Series,OrinVd,,,,OrinX Character Database,1469,2026-08-28T20:40:58.459578
770,,Edward Elric,Fullmetal Alchemist,Common,,Edward_Elric_1489.jpg,C:\Users\kalaw\OneDrive\Desktop\waifuscraper\downloads\images\OrinX_Character_Database\Edward_Elric_1489.jpg,OrinX Character Database,1489,2026-08-28T20:40:59.943479
771,,Gon Freecss,Hunter X Hunter,Common,,Gon_Freecss_1490.jpg,C:\Users\kalaw\OneDrive\Desktop\waifuscraper\downloads\images\OrinX_Character_Database\Gon_Freecss_1490.jpg,OrinX Character Database,1490,2026-08-28T20:41:00.930144
772,,Alphonse Elric,Fullmetal Alchemist,Common,,Alphonse_Elric_1491.jpg,C:\Users\kalaw\OneDrive\Desktop\waifuscraper\downloads\images\OrinX_Character_Database\Alphonse_Elric_1491.jpg,OrinX Character Database,1491,2026-08-28T20:41:01.760603
773,,Spike Spiegel,Cowboy Bebop,Common,,Spike_Spiegel_1492.jpg,C:\Users\kalaw\OneDrive\Desktop\waifuscraper\downloads\images\OrinX_Character_Database\Spike_Spiegel_1492.jpg,OrinX Character Database,1492,2026-08-28T20:41:02.248197
774,,Shinji Ikari,Evangelion,Common,,Shinji_Ikari_1493.jpg,C:\Users\kalaw\OneDrive\Desktop\waifuscraper\downloads\images\OrinX_Character_Database\Shinji_Ikari_1493.jpg,OrinX Character Database,1493,2026-08-28T20:41:03.084271
775,,Rei Ayanami,Evangelion,Common,,Rei_Ayanami_1494.jpg,C:\Users\kalaw\OneDrive\Desktop\waifuscraper\downloads\images\OrinX_Character_Database\Rei_Ayanami_1494.jpg,OrinX Character Database,1494,2026-08-28T20:41:04.200049
776,,Asuka Langley,Evangelion,Common,,Asuka_Langley_1495.jpg,C:\Users\kalaw\OneDrive\Desktop\waifuscraper\downloads\images\OrinX_Character_Database\Asuka_Langley_1495.jpg,OrinX Character Database,1495,2026-08-28T20:41:05.221165
777,,Genos,One Punch Man,Common,,Genos_1496.jpg,C:\Users\kalaw\OneDrive\Desktop\waifuscraper\downloads\images\OrinX_Character_Database\Genos_1496.jpg,OrinX Character Database,1496,2026-08-28T20:41:05.757684
778,,Mob,Mob Psycho 100,Common,,Mob_1497.jpg,C:\Users\kalaw\OneDrive\Desktop\waifuscraper\downloads\images\OrinX_Character_Database\Mob_1497.jpg,OrinX Character Database,1497,2026-08-28T20:41:06.264627
779,,Reigen Arataka,Mob Psycho 100,Common,,Reigen_Arataka_1498.jpg,C:\Users\kalaw\OneDrive\Desktop\waifuscraper\downloads\images\OrinX_Character_Database\Reigen_Arataka_1498.jpg,OrinX Character Database,1498,2026-08-28T20:41:06.896554
780,,Anya Forger,Spy X Family,Common,,Anya_Forger_1499.jpg,C:\Users\kalaw\OneDrive\Desktop\waifuscraper\downloads\images\OrinX_Character_Database\Anya_Forger_1499.jpg,OrinX Character Database,1499,2026-08-28T20:41:07.474538
781,,Denji,Chainsaw Man,Common,,Denji_1500.jpg,C:\Users\kalaw\OneDrive\Desktop\waifuscraper\downloads\images\OrinX_Character_Database\Denji_1500.jpg,OrinX Character Database,1500,2026-08-28T20:41:08.169960
782,,Kobeni,Chainsaw Man,Common,,Kobeni_1501.jpg,C:\Users\kalaw\OneDrive\Desktop\waifuscraper\downloads\images\OrinX_Character_Database\Kobeni_1501.jpg,OrinX Character Database,1501,2026-08-28T20:41:08.728299
783,,Armin Arlert [🍷],Attack On Titan,Rare,,Armin_Arlert_[🍷]_1502.jpg,C:\Users\kalaw\OneDrive\Desktop\waifuscraper\downloads\images\OrinX_Character_Database\Armin_Arlert_[🍷]_1502.jpg,OrinX Character Database,1502,2026-08-28T20:41:09.704435
784,,Armin Arlert [🎞],Attack On Titan,OrinVd,,,,OrinX Character Database,1503,2026-08-28T20:41:09.774991
785,,Roronoa Zoro [📔],One Piece,Legendary,,Roronoa_Zoro_[📔]_1504.jpg,C:\Users\kalaw\OneDrive\Desktop\waifuscraper\downloads\images\OrinX_Character_Database\Roronoa_Zoro_[📔]_1504.jpg,OrinX Character Database,1504,2026-08-28T20:41:11.976339
786,,Levi Ackerman [👾],Attack On Titan,OrinSecret,,Levi_Ackerman_[👾]_1505.jpg,C:\Users\kalaw\OneDrive\Desktop\waifuscraper\downloads\images\OrinX_Character_Database\Levi_Ackerman_[👾]_1505.jpg,OrinX Character Database,1505,2026-08-28T20:41:13.815220
787,,Haruno Sakura [🏖️],Naruto/Boruto,Rare,],Haruno_Sakura_[🏖️]_1506.jpg,C:\Users\kalaw\OneDrive\Desktop\waifuscraper\downloads\images\OrinX_Character_Database\Haruno_Sakura_[🏖️]_1506.jpg,OrinX Character Database,1506,2026-08-28T20:41:14.681808
788,,Makima [👾],Chainsaw Man,OrinSecret,,Makima_[👾]_1507.jpg,C:\Users\kalaw\OneDrive\Desktop\waifuscraper\downloads\images\OrinX_Character_Database\Makima_[👾]_1507.jpg,OrinX Character Database,1507,2026-08-28T20:41:16.268099
789,,Sasuke Uchiha vs Momoshiki Ōtsutsuki [⚡],Naruto/Boruto,Supreme,,Sasuke_Uchiha_vs_Momoshiki_Ōtsutsuki_[⚡]_1508.jpg,C:\Users\kalaw\OneDrive\Desktop\waifuscraper\downloads\images\OrinX_Character_Database\Sasuke_Uchiha_vs_Momoshiki_Ōtsutsuki_[⚡]_1508.jpg,OrinX Character Database,1508,2026-08-28T20:41:18.309630
790,,Yea Miko & Raiden Shogun,Genshin Impact [🎮],Supreme,,Yea_Miko_&_Raiden_Shogun_1509.jpg,C:\Users\kalaw\OneDrive\Desktop\waifuscraper\downloads\images\OrinX_Character_Database\Yea_Miko_&_Raiden_Shogun_1509.jpg,OrinX Character Database,1509,2026-08-28T20:41:20.168456
791,,Monkey D. Luffy vs Naruto Uzumaki [⚡],CrossVerse,OrinSecret,,Monkey_D._Luffy_vs_Naruto_Uzumaki_[⚡]_1510.jpg,C:\Users\kalaw\OneDrive\Desktop\waifuscraper\downloads\images\OrinX_Character_Database\Monkey_D._Luffy_vs_Naruto_Uzumaki_[⚡]_1510.jpg,OrinX Character Database,1510,2026-08-28T20:41:21.838601
792,,Portgas D. Ace vs Monkey D. Luffy [⚡],One Piece,Divine,,Portgas_D._Ace_vs_Monkey_D._Luffy_[⚡]_1511.jpg,C:\Users\kalaw\OneDrive\Desktop\waifuscraper\downloads\images\OrinX_Character_Database\Portgas_D._Ace_vs_Monkey_D._Luffy_[⚡]_1511.jpg,OrinX Character Database,1511,2026-08-28T20:41:25.081835
793,,Miku Nakano [⛩],Quintessential Quintuplets,Divine,,Miku_Nakano_[⛩]_1512.jpg,C:\Users\kalaw\OneDrive\Desktop\waifuscraper\downloads\images\OrinX_Character_Database\Miku_Nakano_[⛩]_1512.jpg,OrinX Character Database,1512,2026-08-28T20:41:26.464614
794,,Shanks [🎃],One Piece,Mythical,],Shanks_[🎃]_1513.jpg,C:\Users\kalaw\OneDrive\Desktop\waifuscraper\downloads\images\OrinX_Character_Database\Shanks_[🎃]_1513.jpg,OrinX Character Database,1513,2026-08-28T20:41:28.245695
795,,Charlotte Katakuri [🎞],One Piece,OrinVd,,,,OrinX Character Database,1514,2026-08-28T20:41:28.324640
796,,Goku [🎞],Dragon Ball Series,OrinVd,,,,OrinX Character Database,1515,2026-08-28T20:41:28.401760
797,,Itachi Uchiha & Kakashi Hatake [🎞],Naruto/Boruto,OrinVd,,,,OrinX Character Database,1516,2026-08-28T20:41:28.480565
798,,Monkey D. Luffy [👾],One Piece,OrinSecret,,Monkey_D._Luffy_[👾]_1522.jpg,C:\Users\kalaw\OneDrive\Desktop\waifuscraper\downloads\images\OrinX_Character_Database\Monkey_D._Luffy_[👾]_1522.jpg,OrinX Character Database,1522,2026-08-28T20:41:30.414533
799,,Roronoa Zoro [👾],One Piece,OrinSecret,,Roronoa_Zoro_[👾]_1523.jpg,C:\Users\kalaw\OneDrive\Desktop\waifuscraper\downloads\images\OrinX_Character_Database\Roronoa_Zoro_[👾]_1523.jpg,OrinX Character Database,1523,2026-08-28T20:41:32.275189
800,,Nami,One Piece,Supreme,,Nami_1524.jpg,C:\Users\kalaw\OneDrive\Desktop\waifuscraper\downloads\images\OrinX_Character_Database\Nami_1524.jpg,OrinX Character Database,1524,2026-08-28T20:41:34.158703
801,,Perona,One Piece,Rare,,Perona_1525.jpg,C:\Users\kalaw\OneDrive\Desktop\waifuscraper\downloads\images\OrinX_Character_Database\Perona_1525.jpg,OrinX Character Database,1525,2026-08-28T20:41:35.651971
802,,Monkey D. Luffy [🎃],One Piece,Legendary,],Monkey_D._Luffy_[🎃]_1526.jpg,C:\Users\kalaw\OneDrive\Desktop\waifuscraper\downloads\images\OrinX_Character_Database\Monkey_D._Luffy_[🎃]_1526.jpg,OrinX Character Database,1526,2026-08-28T20:41:37.012089
803,,Mikasa Ackerman [🧪],Attack On Titan,Divine,,Mikasa_Ackerman_[🧪]_1527.jpg,C:\Users\kalaw\OneDrive\Desktop\waifuscraper\downloads\images\OrinX_Character_Database\Mikasa_Ackerman_[🧪]_1527.jpg,OrinX Character Database,1527,2026-08-28T20:41:38.962038
804,,Obito Uchiha [🎞],Naruto/Boruto,OrinVd,,,,OrinX Character Database,1528,2026-08-28T20:41:39.041675
805,,Light Yagami [🎞],Death Note,OrinVd,,,,OrinX Character Database,1529,2026-08-28T20:41:39.119638
806,,Itachi Uchiha & Maki Zenin [🎞],CrossVerse,OrinVd,,,,OrinX Character Database,1530,2026-08-28T20:41:39.195223
807,,Megumi Fushiguro [🎞],Jujutsu Kaisen,OrinVd,,,,OrinX Character Database,1531,2026-08-28T20:41:39.273686
808,,Gojo Satoru [🎞],Jujutsu Kaisen,OrinVd,,,,OrinX Character Database,1532,2026-08-28T20:41:39.350511
809,,Levi Ackerman [🎞],Attack On Titan,OrinVd,,,,OrinX Character Database,1533,2026-08-28T20:41:39.427552
810,,Gojo Satoru [🎞],Jujutsu Kaisen,OrinVd,,,,OrinX Character Database,1534,2026-08-28T20:41:39.505093
811,,Demon Slayer [🎞],Demon Slayer,OrinVd,,,,OrinX Character Database,1535,2026-08-28T20:41:39.584535
812,,Hisoka Morow,Hunter X Hunter,Legendary,,Hisoka_Morow_1536.jpg,C:\Users\kalaw\OneDrive\Desktop\waifuscraper\downloads\images\OrinX_Character_Database\Hisoka_Morow_1536.jpg,OrinX Character Database,1536,2026-08-28T20:41:40.588630
813,,Kakashi Hatake Vs Gojo Satoru [⚡],CrossVerse,CrossVerse,,Kakashi_Hatake_Vs_Gojo_Satoru_[⚡]_1537.jpg,C:\Users\kalaw\OneDrive\Desktop\waifuscraper\downloads\images\OrinX_Character_Database\Kakashi_Hatake_Vs_Gojo_Satoru_[⚡]_1537.jpg,OrinX Character Database,1537,2026-08-28T20:41:44.222249
814,,Hisoka Morow [🎃],Hunter X Hunter,Mythical,],Hisoka_Morow_[🎃]_1538.jpg,C:\Users\kalaw\OneDrive\Desktop\waifuscraper\downloads\images\OrinX_Character_Database\Hisoka_Morow_[🎃]_1538.jpg,OrinX Character Database,1538,2026-08-28T20:41:45.715839
815,,Itachi Uchiha [🗡️],Naruto/Boruto,Supreme,,Itachi_Uchiha_[🗡️]_1539.jpg,C:\Users\kalaw\OneDrive\Desktop\waifuscraper\downloads\images\OrinX_Character_Database\Itachi_Uchiha_[🗡️]_1539.jpg,OrinX Character Database,1539,2026-08-28T20:41:47.017139
816,,Naruto Uzumaki & Hinata Hyuga,Naruto/Boruto,Divine,,Naruto_Uzumaki_&_Hinata_Hyuga_1540.jpg,C:\Users\kalaw\OneDrive\Desktop\waifuscraper\downloads\images\OrinX_Character_Database\Naruto_Uzumaki_&_Hinata_Hyuga_1540.jpg,OrinX Character Database,1540,2026-08-28T20:41:49.391456
817,,Obito Uchiha [📔],Naruto/Boruto,Legendary,,Obito_Uchiha_[📔]_1541.jpg,C:\Users\kalaw\OneDrive\Desktop\waifuscraper\downloads\images\OrinX_Character_Database\Obito_Uchiha_[📔]_1541.jpg,OrinX Character Database,1541,2026-08-28T20:41:50.489708
818,,Naruto Uzumaki [💠],Naruto/Boruto,Divine,,Naruto_Uzumaki_[💠]_1542.jpg,C:\Users\kalaw\OneDrive\Desktop\waifuscraper\downloads\images\OrinX_Character_Database\Naruto_Uzumaki_[💠]_1542.jpg,OrinX Character Database,1542,2026-08-28T20:41:55.414242
819,,Boruto Uzumaki & Code [📔],Naruto/Boruto,Rare,,Boruto_Uzumaki_&_Code_[📔]_1543.jpg,C:\Users\kalaw\OneDrive\Desktop\waifuscraper\downloads\images\OrinX_Character_Database\Boruto_Uzumaki_&_Code_[📔]_1543.jpg,OrinX Character Database,1543,2026-08-28T20:41:56.480784
820,,Naruto Uzumaki,Naruto/Boruto,Legendary,,Naruto_Uzumaki_1544.jpg,C:\Users\kalaw\OneDrive\Desktop\waifuscraper\downloads\images\OrinX_Character_Database\Naruto_Uzumaki_1544.jpg,OrinX Character Database,1544,2026-08-28T20:42:00.363669
821,,Sung Jinwoo,Solo Leveling,Mythical,,Sung_Jinwoo_1545.jpg,C:\Users\kalaw\OneDrive\Desktop\waifuscraper\downloads\images\OrinX_Character_Database\Sung_Jinwoo_1545.jpg,OrinX Character Database,1545,2026-08-28T20:42:02.375849
822,,Kakashi Hatake,Naruto/Boruto,Mythical,,Kakashi_Hatake_1546.jpg,C:\Users\kalaw\OneDrive\Desktop\waifuscraper\downloads\images\OrinX_Character_Database\Kakashi_Hatake_1546.jpg,OrinX Character Database,1546,2026-08-28T20:42:04.356358
823,,Sosuke Aizen [💠],Bleach,Divine,,Sosuke_Aizen_[💠]_1547.jpg,C:\Users\kalaw\OneDrive\Desktop\waifuscraper\downloads\images\OrinX_Character_Database\Sosuke_Aizen_[💠]_1547.jpg,OrinX Character Database,1547,2026-08-28T20:42:06.340373
824,,Akatsuki [🎞],Naruto/Boruto,OrinVd,,,,OrinX Character Database,1548,2026-08-28T20:42:06.408442
825,,Rukia Kuchiki [🍷],Bleach,Rare,,Rukia_Kuchiki_[🍷]_1549.jpg,C:\Users\kalaw\OneDrive\Desktop\waifuscraper\downloads\images\OrinX_Character_Database\Rukia_Kuchiki_[🍷]_1549.jpg,OrinX Character Database,1549,2026-08-28T20:42:07.431700
826,,Boa Hancock [🎞],One Piece,OrinVd,,,,OrinX Character Database,1550,2026-08-28T20:42:07.501770
827,,Makima [🎞],Chainsaw Man,OrinVd,,,,OrinX Character Database,1551,2026-08-28T20:42:07.579521
828,,Tsunade Senju [🎞],Naruto/Boruto,OrinVd,,,,OrinX Character Database,1552,2026-08-28T20:42:07.656119
829,,Yelan & Shenhe [🎞],Genshin Impact [🎮],OrinVd,,,,OrinX Character Database,1553,2026-08-28T20:42:07.733524
830,,Yelan [🎞],Genshin Impact [🎮],OrinVd,,,,OrinX Character Database,1554,2026-08-28T20:42:07.810973
831,,Chisa [🎞],Wuthering Waves [🎮],OrinVd,,,,OrinX Character Database,1555,2026-08-28T20:42:07.888178
832,,Mikasa Ackerman [🎞],Attack On Titan,OrinVd,,,,OrinX Character Database,1556,2026-08-28T20:42:07.965749
833,,Hinata Hyuga [🎞],Naruto/Boruto,OrinVd,,,,OrinX Character Database,1557,2026-08-28T20:42:08.042872
834,,Makima [🎞],Chainsaw Man,OrinVd,,,,OrinX Character Database,1558,2026-08-28T20:42:08.120545
835,,Naruto X Venom,CrossVerse,CrossVerse,,Naruto_X_Venom_1559.jpg,C:\Users\kalaw\OneDrive\Desktop\waifuscraper\downloads\images\OrinX_Character_Database\Naruto_X_Venom_1559.jpg,OrinX Character Database,1559,2026-08-28T20:42:11.188142
836,,Nakano Itsuki [⛩],The Quintessential Quintuplets,Supreme,,Nakano_Itsuki_[⛩]_1560.jpg,C:\Users\kalaw\OneDrive\Desktop\waifuscraper\downloads\images\OrinX_Character_Database\Nakano_Itsuki_[⛩]_1560.jpg,OrinX Character Database,1560,2026-08-28T20:42:14.584845
837,,Nakano Itsuki,The Quintessential Quintuplets,Rare,,Nakano_Itsuki_1561.jpg,C:\Users\kalaw\OneDrive\Desktop\waifuscraper\downloads\images\OrinX_Character_Database\Nakano_Itsuki_1561.jpg,OrinX Character Database,1561,2026-08-28T20:42:15.699292
838,,Goto Ryuji,Solo Leveling,Common,,Goto_Ryuji_1562.jpg,C:\Users\kalaw\OneDrive\Desktop\waifuscraper\downloads\images\OrinX_Character_Database\Goto_Ryuji_1562.jpg,OrinX Character Database,1562,2026-08-28T20:42:16.563592
839,,Minato Namikaze & Naruto Uzumaki [🎞],Naruto/Boruto,OrinVd,,,,OrinX Character Database,1563,2026-08-28T20:42:16.640383
840,,Reze [🎞],Chainsaw Man,OrinVd,,,,OrinX Character Database,1564,2026-08-28T20:42:16.718191
841,,Trafalgar D. Law [🎞],One Piece,OrinVd,,,,OrinX Character Database,1565,2026-08-28T20:42:16.796519
842,,Nilou,Genshin Impact [🎮],Divine,,Nilou_1566.jpg,C:\Users\kalaw\OneDrive\Desktop\waifuscraper\downloads\images\OrinX_Character_Database\Nilou_1566.jpg,OrinX Character Database,1566,2026-08-28T20:42:22.394584
843,,Sung Jin-woo [🎞],Solo Leveling,OrinVd,,,,OrinX Character Database,1567,2026-08-28T20:42:22.469476
844,,Zero Two X Spider,CrossVerse,CrossVerse,,Zero_Two_X_Spider_1568.jpg,C:\Users\kalaw\OneDrive\Desktop\waifuscraper\downloads\images\OrinX_Character_Database\Zero_Two_X_Spider_1568.jpg,OrinX Character Database,1568,2026-08-28T20:42:26.742389
845,,Makima [💠],Chainsaw Man,OrinSecret,,Makima_[💠]_1569.jpg,C:\Users\kalaw\OneDrive\Desktop\waifuscraper\downloads\images\OrinX_Character_Database\Makima_[💠]_1569.jpg,OrinX Character Database,1569,2026-08-28T20:42:28.919094
846,,Kaguya Otsusuki,Naruto/Boruto,Divine,,Kaguya_Otsusuki_1570.jpg,C:\Users\kalaw\OneDrive\Desktop\waifuscraper\downloads\images\OrinX_Character_Database\Kaguya_Otsusuki_1570.jpg,OrinX Character Database,1570,2026-08-28T20:42:32.468670
847,,Toji Fushiguro,Jujutsu Kaisen,Mythical,,Toji_Fushiguro_1571.jpg,C:\Users\kalaw\OneDrive\Desktop\waifuscraper\downloads\images\OrinX_Character_Database\Toji_Fushiguro_1571.jpg,OrinX Character Database,1571,2026-08-28T20:42:35.813891
848,,Mikasa Ackerman [👾],Attack On Titan,OrinSecret,,Mikasa_Ackerman_[👾]_1572.jpg,C:\Users\kalaw\OneDrive\Desktop\waifuscraper\downloads\images\OrinX_Character_Database\Mikasa_Ackerman_[👾]_1572.jpg,OrinX Character Database,1572,2026-08-28T20:42:39.996737
849,,Donquixote Doflamingo,One Piece,Legendary,,Donquixote_Doflamingo_1573.jpg,C:\Users\kalaw\OneDrive\Desktop\waifuscraper\downloads\images\OrinX_Character_Database\Donquixote_Doflamingo_1573.jpg,OrinX Character Database,1573,2026-08-28T20:42:41.863972
850,,Kaido (Hybrid Form),One Piece,Divine,,Kaido_(Hybrid_Form)_1574.jpg,C:\Users\kalaw\OneDrive\Desktop\waifuscraper\downloads\images\OrinX_Character_Database\Kaido_(Hybrid_Form)_1574.jpg,OrinX Character Database,1574,2026-08-28T20:42:43.831066
851,,Makima [🎞],Chainsaw Man,OrinVd,,,,OrinX Character Database,1575,2026-08-28T20:42:43.904949
852,,Uchiha Clan,Naruto/Boruto,Mythical,,Uchiha_Clan_1577.jpg,C:\Users\kalaw\OneDrive\Desktop\waifuscraper\downloads\images\OrinX_Character_Database\Uchiha_Clan_1577.jpg,OrinX Character Database,1577,2026-08-28T20:42:46.503611
853,,Crocodile & Gaara,CrossVerse,CrossVerse,,Crocodile_&_Gaara_1578.jpg,C:\Users\kalaw\OneDrive\Desktop\waifuscraper\downloads\images\OrinX_Character_Database\Crocodile_&_Gaara_1578.jpg,OrinX Character Database,1578,2026-08-28T20:42:49.984945
854,,William James Moriarty [🎞],Moriarty the Patriot,OrinVd,,,,OrinX Character Database,1579,2026-08-28T20:42:50.052438
855,,Sasuke Uchiha & Itachi Uchiha & Obito Uchiha & Madara Uchiha [🎞],Naruto/Boruto,OrinVd,,,,OrinX Character Database,1580,2026-08-28T20:42:50.114858
856,,Shanks,One Piece,Legendary,,Shanks_1581.jpg,C:\Users\kalaw\OneDrive\Desktop\waifuscraper\downloads\images\OrinX_Character_Database\Shanks_1581.jpg,OrinX Character Database,1581,2026-08-28T20:42:53.642703
857,,Rukia Kuchiki [💠],Bleach,Divine,,Rukia_Kuchiki_[💠]_1582.jpg,C:\Users\kalaw\OneDrive\Desktop\waifuscraper\downloads\images\OrinX_Character_Database\Rukia_Kuchiki_[💠]_1582.jpg,OrinX Character Database,1582,2026-08-28T20:42:55.691753
858,,Yorha No.2 Type B,Nier:Automata,Legendary,,Yorha_No.2_Type_B_1583.jpg,C:\Users\kalaw\OneDrive\Desktop\waifuscraper\downloads\images\OrinX_Character_Database\Yorha_No.2_Type_B_1583.jpg,OrinX Character Database,1583,2026-08-28T20:42:56.675169
859,,Umi Asanagi [🎞],I Made Friends with the Second Prettiest Girl in My Class,OrinVd,,,,OrinX Character Database,1584,2026-08-28T20:42:56.740931
860,,Umi Asanagi,I Made Friends with the Second Prettiest Girl in My Class,Uncommon,,Umi_Asanagi_1585.jpg,C:\Users\kalaw\OneDrive\Desktop\waifuscraper\downloads\images\OrinX_Character_Database\Umi_Asanagi_1585.jpg,OrinX Character Database,1585,2026-08-28T20:42:57.743056
861,,Maki Maehara & Umi Asanagi,I Made Friends with the Second Prettiest Girl in My Class,Rare,,Maki_Maehara_&_Umi_Asanagi_1586.jpg,C:\Users\kalaw\OneDrive\Desktop\waifuscraper\downloads\images\OrinX_Character_Database\Maki_Maehara_&_Umi_Asanagi_1586.jpg,OrinX Character Database,1586,2026-08-28T20:42:58.993948
862,ID,Yelan,Genshin Impact [🎮],OrinPrivate,,Yelan_1587.jpg,C:\Users\kalaw\OneDrive\Desktop\waifuscraper\downloads\images\OrinX_Character_Database\Yelan_1587.jpg,OrinX Character Database,1587,2026-08-28T20:43:01.189638
863,ID,Makima,Chainsaw Man,OrinPrivate,,Makima_1588.jpg,C:\Users\kalaw\OneDrive\Desktop\waifuscraper\downloads\images\OrinX_Character_Database\Makima_1588.jpg,OrinX Character Database,1588,2026-08-28T20:43:02.943011
864,,Yelan,Genshin Impact [🎮],Legendary,,Yelan_1589.jpg,C:\Users\kalaw\OneDrive\Desktop\waifuscraper\downloads\images\OrinX_Character_Database\Yelan_1589.jpg,OrinX Character Database,1589,2026-08-28T20:43:05.759520
865,,Shanks [🎞],One Piece,OrinVd,,,,OrinX Character Database,1590,2026-08-28T20:43:05.850690
866,ID,Itachi Uchiha,Naruto/Boruto,OrinPrivate,,Itachi_Uchiha_1591.jpg,C:\Users\kalaw\OneDrive\Desktop\waifuscraper\downloads\images\OrinX_Character_Database\Itachi_Uchiha_1591.jpg,OrinX Character Database,1591,2026-08-28T20:43:08.605350
867,,Shanks [🎞],One Piece,OrinVd,,,,OrinX Character Database,1592,2026-08-28T20:43:08.682131
868,,Roronoa Zoro & Nico Robin [🎞],One Piece,OrinVd,,,,OrinX Character Database,1593,2026-08-28T20:43:08.758306
869,,Roronoa Zoro [🎞],One Piece,OrinVd,,,,OrinX Character Database,1594,2026-08-28T20:43:08.820198
870,,Sung Jin Woo [💠],Solo Leveling,Divine,,Sung_Jin_Woo_[💠]_1595.jpg,C:\Users\kalaw\OneDrive\Desktop\waifuscraper\downloads\images\OrinX_Character_Database\Sung_Jin_Woo_[💠]_1595.jpg,OrinX Character Database,1595,2026-08-28T20:43:12.179044
871,,Minato Namikaze [🎞],Naruto/Boruto,OrinVd,,,,OrinX Character Database,1597,2026-08-28T20:43:12.242206
872,,Minato Namikaze [🍷],Naruto/Boruto,Rare,,Minato_Namikaze_[🍷]_1598.jpg,C:\Users\kalaw\OneDrive\Desktop\waifuscraper\downloads\images\OrinX_Character_Database\Minato_Namikaze_[🍷]_1598.jpg,OrinX Character Database,1598,2026-08-28T20:43:12.962046
873,,Ichigo Kurosaki [🗡️],Bleach,Supreme,,Ichigo_Kurosaki_[🗡️]_1599.jpg,C:\Users\kalaw\OneDrive\Desktop\waifuscraper\downloads\images\OrinX_Character_Database\Ichigo_Kurosaki_[🗡️]_1599.jpg,OrinX Character Database,1599,2026-08-28T20:43:15.539415
874,,Nico Robin [🎞],One Piece,OrinVd,,,,OrinX Character Database,1600,2026-08-28T20:43:15.609917
875,,Minato Namikaze,Naruto/Boruto,Divine,,Minato_Namikaze_1601.jpg,C:\Users\kalaw\OneDrive\Desktop\waifuscraper\downloads\images\OrinX_Character_Database\Minato_Namikaze_1601.jpg,OrinX Character Database,1601,2026-08-28T20:43:18.857093
876,,Minato Namikaze,Naruto/Boruto,Mythical,,Minato_Namikaze_1602.jpg,C:\Users\kalaw\OneDrive\Desktop\waifuscraper\downloads\images\OrinX_Character_Database\Minato_Namikaze_1602.jpg,OrinX Character Database,1602,2026-08-28T20:43:23.008338
877,,The Big 3 [🎞],CrossVerse,OrinVd,,,,OrinX Character Database,1603,2026-08-28T20:43:23.077246
878,,Hiyuki [🎞],Wuthering Waves [🎮],OrinVd,,,,OrinX Character Database,1604,2026-08-28T20:43:23.156071
879,,Dirty Deeds Done Dirt Cheap (D4C) [🎞],JoJo's Bizarre Adventure,OrinVd,,,,OrinX Character Database,1605,2026-08-28T20:43:23.234367
880,,Nanally,Neverness To Everness (NTE),Uncommon,,Nanally_1606.jpg,C:\Users\kalaw\OneDrive\Desktop\waifuscraper\downloads\images\OrinX_Character_Database\Nanally_1606.jpg,OrinX Character Database,1606,2026-08-28T20:43:24.712479
881,,Sakiri,Neverness To Everness (NTE),Uncommon,,Sakiri_1607.jpg,C:\Users\kalaw\OneDrive\Desktop\waifuscraper\downloads\images\OrinX_Character_Database\Sakiri_1607.jpg,OrinX Character Database,1607,2026-08-28T20:43:25.612407
882,,Daffodil,Neverness To Everness (NTE),Rare,,Daffodil_1608.jpg,C:\Users\kalaw\OneDrive\Desktop\waifuscraper\downloads\images\OrinX_Character_Database\Daffodil_1608.jpg,OrinX Character Database,1608,2026-08-28T20:43:26.452640
883,,Baicang,Neverness To Everness (NTE),Common,,Baicang_1609.jpg,C:\Users\kalaw\OneDrive\Desktop\waifuscraper\downloads\images\OrinX_Character_Database\Baicang_1609.jpg,OrinX Character Database,1609,2026-08-28T20:43:26.965306
884,,Chiz,Neverness To Everness (NTE),Rare,,Chiz_1610.jpg,C:\Users\kalaw\OneDrive\Desktop\waifuscraper\downloads\images\OrinX_Character_Database\Chiz_1610.jpg,OrinX Character Database,1610,2026-08-28T20:43:28.323988
885,,Lacrimosa,Neverness To Everness (NTE),Legendary,,Lacrimosa_1611.jpg,C:\Users\kalaw\OneDrive\Desktop\waifuscraper\downloads\images\OrinX_Character_Database\Lacrimosa_1611.jpg,OrinX Character Database,1611,2026-08-28T20:43:30.028320
886,,Bartholomew Kuma,One Piece,Uncommon,,Bartholomew_Kuma_1612.jpg,C:\Users\kalaw\OneDrive\Desktop\waifuscraper\downloads\images\OrinX_Character_Database\Bartholomew_Kuma_1612.jpg,OrinX Character Database,1612,2026-08-28T20:43:30.773260
887,,Sung Jin Woo [🎞],Solo Leveling,OrinVd,,,,OrinX Character Database,1613,2026-08-28T20:43:30.840233
888,,Monkey D. Luffy [🎞],One Piece,OrinVd,,,,OrinX Character Database,1614,2026-08-28T20:43:30.918004
889,,Tsunade Senju [🐰],Naruto/Boruto,Mythical,,Tsunade_Senju_[🐰]_1615.jpg,C:\Users\kalaw\OneDrive\Desktop\waifuscraper\downloads\images\OrinX_Character_Database\Tsunade_Senju_[🐰]_1615.jpg,OrinX Character Database,1615,2026-08-28T20:43:36.652133
890,,Nakano Itsuki [⛩],The Quintessential Quintuplets,Supreme,,Nakano_Itsuki_[⛩]_1616.jpg,C:\Users\kalaw\OneDrive\Desktop\waifuscraper\downloads\images\OrinX_Character_Database\Nakano_Itsuki_[⛩]_1616.jpg,OrinX Character Database,1616,2026-08-28T20:43:40.715396
891,,Perona [🔞],One Piece,Legendary,,Perona_[🔞]_1617.jpg,C:\Users\kalaw\OneDrive\Desktop\waifuscraper\downloads\images\OrinX_Character_Database\Perona_[🔞]_1617.jpg,OrinX Character Database,1617,2026-08-28T20:43:42.993187
892,,Tsunade Senju [🏖️],Naruto/Boruto,Legendary,],Tsunade_Senju_[🏖️]_1618.jpg,C:\Users\kalaw\OneDrive\Desktop\waifuscraper\downloads\images\OrinX_Character_Database\Tsunade_Senju_[🏖️]_1618.jpg,OrinX Character Database,1618,2026-08-28T20:43:45.572237
893,,Tsunade Senju [🧹],Naruto/Boruto,Legendary,,Tsunade_Senju_[🧹]_1619.jpg,C:\Users\kalaw\OneDrive\Desktop\waifuscraper\downloads\images\OrinX_Character_Database\Tsunade_Senju_[🧹]_1619.jpg,OrinX Character Database,1619,2026-08-28T20:43:48.488593
894,,Yorha No.2 Type B,Nier:Automata,Divine,,Yorha_No.2_Type_B_1620.jpg,C:\Users\kalaw\OneDrive\Desktop\waifuscraper\downloads\images\OrinX_Character_Database\Yorha_No.2_Type_B_1620.jpg,OrinX Character Database,1620,2026-08-28T20:43:51.616306
895,,Hirara,Mobile Legends [🎮],Mythical,,Hirara_1622.jpg,C:\Users\kalaw\OneDrive\Desktop\waifuscraper\downloads\images\OrinX_Character_Database\Hirara_1622.jpg,OrinX Character Database,1622,2026-08-28T20:43:53.284178
896,,Jiraiya,Naruto/Boruto,Mythical,,Jiraiya_1623.jpg,C:\Users\kalaw\OneDrive\Desktop\waifuscraper\downloads\images\OrinX_Character_Database\Jiraiya_1623.jpg,OrinX Character Database,1623,2026-08-28T20:43:58.959393
897,,Sarada Uchiha [🧪],Naruto/Boruto,Mythical,,Sarada_Uchiha_[🧪]_1624.jpg,C:\Users\kalaw\OneDrive\Desktop\waifuscraper\downloads\images\OrinX_Character_Database\Sarada_Uchiha_[🧪]_1624.jpg,OrinX Character Database,1624,2026-08-28T20:44:02.406489
898,,Vinsmoke Sanji X Minecraft,CrossVerse,CrossVerse,,Vinsmoke_Sanji_X_Minecraft_1625.jpg,C:\Users\kalaw\OneDrive\Desktop\waifuscraper\downloads\images\OrinX_Character_Database\Vinsmoke_Sanji_X_Minecraft_1625.jpg,OrinX Character Database,1625,2026-08-28T20:44:04.897653
899,,Jiraiya,Naruto/Boruto,Uncommon,,Jiraiya_1626.jpg,C:\Users\kalaw\OneDrive\Desktop\waifuscraper\downloads\images\OrinX_Character_Database\Jiraiya_1626.jpg,OrinX Character Database,1626,2026-08-28T20:44:06.615514
900,,Jiraiya,Naruto/Boruto,Rare,,Jiraiya_1627.jpg,C:\Users\kalaw\OneDrive\Desktop\waifuscraper\downloads\images\OrinX_Character_Database\Jiraiya_1627.jpg,OrinX Character Database,1627,2026-08-28T20:44:07.653160
901,,Sung Jin Woo [☃️],Solo Leveling,Rare,,Sung_Jin_Woo_[☃️]_1628.jpg,C:\Users\kalaw\OneDrive\Desktop\waifuscraper\downloads\images\OrinX_Character_Database\Sung_Jin_Woo_[☃️]_1628.jpg,OrinX Character Database,1628,2026-08-28T20:44:09.288378
902,,Sung Jin Woo,Solo Leveling,Common,,Sung_Jin_Woo_1629.jpg,C:\Users\kalaw\OneDrive\Desktop\waifuscraper\downloads\images\OrinX_Character_Database\Sung_Jin_Woo_1629.jpg,OrinX Character Database,1629,2026-08-28T20:44:10.115158
903,,Sung Jin Woo [🎞],Solo Leveling,OrinVd,,,,OrinX Character Database,1630,2026-08-28T20:44:10.191931
904,,Hina,Blue Archive,Legendary,,Hina_1631.jpg,C:\Users\kalaw\OneDrive\Desktop\waifuscraper\downloads\images\OrinX_Character_Database\Hina_1631.jpg,OrinX Character Database,1631,2026-08-28T20:44:13.332494
905,,Yuuka [🏖️],Blue Archive,Rare,],Yuuka_[🏖️]_1632.jpg,C:\Users\kalaw\OneDrive\Desktop\waifuscraper\downloads\images\OrinX_Character_Database\Yuuka_[🏖️]_1632.jpg,OrinX Character Database,1632,2026-08-28T20:44:15.859158
906,,Edward Newgate,One Piece,Mythical,,Edward_Newgate_1633.jpg,C:\Users\kalaw\OneDrive\Desktop\waifuscraper\downloads\images\OrinX_Character_Database\Edward_Newgate_1633.jpg,OrinX Character Database,1633,2026-08-28T20:44:19.116260
907,,Itachi Uchiha vs Megumi Fushiguro [⚡],CrossVerse,CrossVerse,,Itachi_Uchiha_vs_Megumi_Fushiguro_[⚡]_1634.jpg,C:\Users\kalaw\OneDrive\Desktop\waifuscraper\downloads\images\OrinX_Character_Database\Itachi_Uchiha_vs_Megumi_Fushiguro_[⚡]_1634.jpg,OrinX Character Database,1634,2026-08-28T20:44:22.671672
908,,Monkey D. Luffy & Naruto Uzumaki,CrossVerse,CrossVerse,,Monkey_D._Luffy_&_Naruto_Uzumaki_1635.jpg,C:\Users\kalaw\OneDrive\Desktop\waifuscraper\downloads\images\OrinX_Character_Database\Monkey_D._Luffy_&_Naruto_Uzumaki_1635.jpg,OrinX Character Database,1635,2026-08-28T20:44:25.069358
909,,Ada Wong,Resident Evil [🎮],Rare,,Ada_Wong_1636.jpg,C:\Users\kalaw\OneDrive\Desktop\waifuscraper\downloads\images\OrinX_Character_Database\Ada_Wong_1636.jpg,OrinX Character Database,1636,2026-08-28T20:44:25.860470
910,,𝗗𝗲𝗻𝗷𝗶 [💠],Chainsaw Man,Divine,,𝗗𝗲𝗻𝗷𝗶_[💠]_1637.jpg,C:\Users\kalaw\OneDrive\Desktop\waifuscraper\downloads\images\OrinX_Character_Database\𝗗𝗲𝗻𝗷𝗶_[💠]_1637.jpg,OrinX Character Database,1637,2026-08-28T20:44:30.183438
911,,Denji,Chainsaw Man,Rare,,Denji_1638.jpg,C:\Users\kalaw\OneDrive\Desktop\waifuscraper\downloads\images\OrinX_Character_Database\Denji_1638.jpg,OrinX Character Database,1638,2026-08-28T20:44:33.468801
912,,𝗥𝗲𝘇𝗲,Chainsaw Man,Divine,,𝗥𝗲𝘇𝗲_1639.jpg,C:\Users\kalaw\OneDrive\Desktop\waifuscraper\downloads\images\OrinX_Character_Database\𝗥𝗲𝘇𝗲_1639.jpg,OrinX Character Database,1639,2026-08-28T20:44:35.621583
913,,𝗞𝗮𝗳𝗸𝗮 [👘],Honkai: Star Rail [🎮],Legendary,],𝗞𝗮𝗳𝗸𝗮_[👘]_1640.jpg,C:\Users\kalaw\OneDrive\Desktop\waifuscraper\downloads\images\OrinX_Character_Database\𝗞𝗮𝗳𝗸𝗮_[👘]_1640.jpg,OrinX Character Database,1640,2026-08-28T20:44:39.720679
914,,Tony Tony Chopper,One Piece,Rare,,Tony_Tony_Chopper_1641.jpg,C:\Users\kalaw\OneDrive\Desktop\waifuscraper\downloads\images\OrinX_Character_Database\Tony_Tony_Chopper_1641.jpg,OrinX Character Database,1641,2026-08-28T20:44:40.799089
915,,Tony Tony Chopper [🥇],One Piece,Uncommon,,Tony_Tony_Chopper_[🥇]_1642.jpg,C:\Users\kalaw\OneDrive\Desktop\waifuscraper\downloads\images\OrinX_Character_Database\Tony_Tony_Chopper_[🥇]_1642.jpg,OrinX Character Database,1642,2026-08-28T20:44:42.269608
916,,Marin Kitagawa,My Dress-Up Darling,Rare,,Marin_Kitagawa_1643.jpg,C:\Users\kalaw\OneDrive\Desktop\waifuscraper\downloads\images\OrinX_Character_Database\Marin_Kitagawa_1643.jpg,OrinX Character Database,1643,2026-08-28T20:44:46.271047
917,,Hinata Hyuga,Naruto/Boruto,CrossVerse,,Hinata_Hyuga_1644.jpg,C:\Users\kalaw\OneDrive\Desktop\waifuscraper\downloads\images\OrinX_Character_Database\Hinata_Hyuga_1644.jpg,OrinX Character Database,1644,2026-08-28T20:44:49.883730
918,,Shisui [🎞],Naruto/Boruto,OrinVd,,,,OrinX Character Database,1645,2026-08-28T20:44:49.948050
919,,Mikasa Ackerman [🍷],Attack On Titan,Rare,,Mikasa_Ackerman_[🍷]_1646.jpg,C:\Users\kalaw\OneDrive\Desktop\waifuscraper\downloads\images\OrinX_Character_Database\Mikasa_Ackerman_[🍷]_1646.jpg,OrinX Character Database,1646,2026-08-28T20:44:51.413174
920,,𝗦𝗵𝗮𝗻𝗸𝘀 [👾],One Piece,OrinSecret,,𝗦𝗵𝗮𝗻𝗸𝘀_[👾]_1647.jpg,C:\Users\kalaw\OneDrive\Desktop\waifuscraper\downloads\images\OrinX_Character_Database\𝗦𝗵𝗮𝗻𝗸𝘀_[👾]_1647.jpg,OrinX Character Database,1647,2026-08-28T20:44:54.389107
921,,𝗬𝗲𝗹𝗮𝗻,Genshin Impact [🎮],Divine,,𝗬𝗲𝗹𝗮𝗻_1648.jpg,C:\Users\kalaw\OneDrive\Desktop\waifuscraper\downloads\images\OrinX_Character_Database\𝗬𝗲𝗹𝗮𝗻_1648.jpg,OrinX Character Database,1648,2026-08-28T20:44:57.717365
922,,Shenhe,Genshin Impact [🎮],Legendary,,Shenhe_1649.jpg,C:\Users\kalaw\OneDrive\Desktop\waifuscraper\downloads\images\OrinX_Character_Database\Shenhe_1649.jpg,OrinX Character Database,1649,2026-08-28T20:45:01.694250
923,,𝗙𝘂𝗯𝘂𝗸𝗶 [🧪],One Punch Man,Divine,,𝗙𝘂𝗯𝘂𝗸𝗶_[🧪]_1650.jpg,C:\Users\kalaw\OneDrive\Desktop\waifuscraper\downloads\images\OrinX_Character_Database\𝗙𝘂𝗯𝘂𝗸𝗶_[🧪]_1650.jpg,OrinX Character Database,1650,2026-08-28T20:45:05.875240
924,,Zetian,Mobile Legends [🎮],Legendary,,Zetian_1651.jpg,C:\Users\kalaw\OneDrive\Desktop\waifuscraper\downloads\images\OrinX_Character_Database\Zetian_1651.jpg,OrinX Character Database,1651,2026-08-28T20:45:06.922131
925,,Miya,Mobile Legends [🎮],Rare,,Miya_1652.jpg,C:\Users\kalaw\OneDrive\Desktop\waifuscraper\downloads\images\OrinX_Character_Database\Miya_1652.jpg,OrinX Character Database,1652,2026-08-28T20:45:08.280824
926,,Zetian,Mobile Legends [🎮],Rare,,Zetian_1653.jpg,C:\Users\kalaw\OneDrive\Desktop\waifuscraper\downloads\images\OrinX_Character_Database\Zetian_1653.jpg,OrinX Character Database,1653,2026-08-28T20:45:09.651539
927,,𝗦𝗮𝗸𝘂𝗿𝗮 𝗛𝗮𝗿𝘂𝗻𝗼 [🧪],Naruto/Boruto,Mythical,,𝗦𝗮𝗸𝘂𝗿𝗮_𝗛𝗮𝗿𝘂𝗻𝗼_[🧪]_1655.jpg,C:\Users\kalaw\OneDrive\Desktop\waifuscraper\downloads\images\OrinX_Character_Database\𝗦𝗮𝗸𝘂𝗿𝗮_𝗛𝗮𝗿𝘂𝗻𝗼_[🧪]_1655.jpg,OrinX Character Database,1655,2026-08-28T20:45:13.627687
928,,Sasuke Uchiha,Naruto/Boruto,Divine,,Sasuke_Uchiha_1656.jpg,C:\Users\kalaw\OneDrive\Desktop\waifuscraper\downloads\images\OrinX_Character_Database\Sasuke_Uchiha_1656.jpg,OrinX Character Database,1656,2026-08-28T20:45:18.268479
929,,Sasuke Uchiha,Naruto/Boruto,Rare,,Sasuke_Uchiha_1657.jpg,C:\Users\kalaw\OneDrive\Desktop\waifuscraper\downloads\images\OrinX_Character_Database\Sasuke_Uchiha_1657.jpg,OrinX Character Database,1657,2026-08-28T20:45:19.230704
930,,Sasuke Uchiha,Naruto/Boruto,Legendary,,Sasuke_Uchiha_1658.jpg,C:\Users\kalaw\OneDrive\Desktop\waifuscraper\downloads\images\OrinX_Character_Database\Sasuke_Uchiha_1658.jpg,OrinX Character Database,1658,2026-08-28T20:45:21.207724
